id,edad_cliente,genero_cliente,ingresos,puntos,tiempo_membresia,num_compras,categoria_preferida,ultima_compra,ventas_total,transacciones,items_total,ticket_prom
1,38,Femenino,99917,100,4,50,Alimentos,22562,88.87,1,5,88.87
2,21,Femenino,44040,43,1,18,Deportes,30352,27.49,1,2,27.49
3,60,Femenino,139129,100,4,50,Ropa,45039,19.98,1,1,19.98
4,40,Femenino,109840,97,8,50,Hogar,60824,305.84,1,13,305.84
5,65,Femenino,119441,100,6,50,Electrónica,85447,74.85,1,3,74.85
6,31,Femenino,69180,97,3,50,Hogar,28319,91.77,1,4,91.77
7,19,Femenino,48451,56,4,35,Ropa,23810,99.75,1,5,99.75
8,43,Masculino,105954,100,7,50,Alimentos,28515,146.42,1,6,146.42
9,53,Masculino,125149,100,7,50,Deportes,33931,168.05,1,7,168.05
10,55,Femenino,118823,100,8,50,Electrónica,85455,80.25,1,4,80.25
11,23,Femenino,67215,100,3,49,Ropa,27835,178.11,1,9,178.11
12,68,Femenino,146175,100,6,50,Alimentos,35599,251.97,1,10,251.97
13,29,Femenino,76394,95,2,50,Hogar,35998,133.68,1,5,133.68
14,64,Femenino,146320,100,4,50,Deportes,53898,55.19,1,4,55.19
15,33,Masculino,91508,100,3,50,Hogar,36984,265.41,1,10,265.41
16,53,Masculino,117566,100,5,50,Ropa,38201,100.42,1,5,100.42
17,57,Masculino,133819,100,6,50,Ropa,54423,140.83,1,7,140.83
18,22,Masculino,49245,58,1,24,Deportes,30298,113.08,1,6,113.08
19,37,Masculino,104406,100,5,50,Hogar,38612,234.1,1,10,234.1
20,31,Masculino,81951,83,4,50,Alimentos,16548,159.26,1,6,159.26
21,19,Femenino,45636,48,3,28,Hogar,32833,10,1,1,10
22,22,Masculino,51747,100,7,43,Hogar,34953,167.22,1,8,167.22
23,36,Femenino,103778,100,3,50,Deportes,21213,177.15,1,8,177.15
24,41,Femenino,102009,100,7,50,Ropa,26490,145.22,1,7,145.22
25,69,Femenino,135945,100,4,50,Deportes,33156,318.27,1,12,318.27
26,33,Femenino,82631,100,7,50,Alimentos,12921,121.88,1,7,121.88
27,54,Masculino,131466,100,5,50,Alimentos,24795,34,1,2,34
28,30,Femenino,81664,92,5,50,Deportes,31887,306.09,1,13,306.09
29,18,Femenino,47890,67,4,35,Hogar,29720,27.48,1,1,27.48
30,23,Masculino,64677,100,4,50,Electrónica,61774,220.37,1,9,220.37
31,36,Femenino,112050,100,8,50,Ropa,32108,180.43,1,6,180.43
32,60,Femenino,128717,100,5,50,Electrónica,73415,356.26,1,13,356.26
33,29,Masculino,72690,92,4,50,Electrónica,66418,241.44,1,10,241.44
34,44,Femenino,101851,100,5,50,Alimentos,26415,380,1,14,380
35,45,Femenino,116544,100,7,50,Deportes,32677,265.3,1,8,265.3
36,30,Femenino,88536,100,2,50,Ropa,30212,188.53,1,10,188.53
37,47,Masculino,114974,100,6,50,Electrónica,89767,179.98,1,7,179.98
38,48,Femenino,108614,100,6,50,Electrónica,72737,231.3,1,8,231.3
39,31,Femenino,73480,98,5,50,Deportes,20643,261.68,1,11,261.68
40,22,Masculino,63730,100,4,50,Hogar,28957,222.83,1,9,222.83
41,23,Masculino,67489,100,1,50,Hogar,28714,336.01,1,10,336.01
42,52,Masculino,128763,100,5,50,Ropa,40600,241.86,1,8,241.86
43,35,Masculino,86010,99,6,50,Hogar,37259,124.61,1,5,124.61
44,28,Femenino,75264,99,4,50,Hogar,22816,151.64,1,9,151.64
45,50,Masculino,121925,100,4,50,Hogar,37291,178.61,1,9,178.61
46,49,Femenino,119768,100,4,50,Ropa,37471,159.84,1,7,159.84
47,56,Masculino,137118,100,6,50,Electrónica,78490,290.29,1,14,290.29
48,48,Masculino,119687,100,8,50,Electrónica,73534,65.43,1,4,65.43
49,19,Femenino,53410,80,2,35,Deportes,20978,380,1,17,380
50,68,Femenino,139783,100,6,50,Alimentos,32709,380,1,18,380
51,61,Femenino,136002,100,7,50,Ropa,51607,380,1,16,380
52,24,Femenino,67857,90,3,49,Deportes,21762,201.94,1,9,201.94
53,45,Femenino,97886,100,8,50,Alimentos,27100,117.15,1,6,117.15
54,33,Femenino,82923,100,9,50,Hogar,35952,243.17,1,11,243.17
55,56,Femenino,123542,97,3,50,Deportes,39419,114.9,1,5,114.9
56,42,Femenino,99625,97,6,50,Deportes,35350,70.86,1,5,70.86
57,63,Femenino,132824,100,9,50,Electrónica,87685,301.89,1,9,301.89
58,49,Femenino,131254,100,6,50,Deportes,45245,341.5,1,11,341.5
59,43,Femenino,99508,100,6,50,Electrónica,74814,380,1,15,380
60,21,Femenino,62115,95,4,47,Ropa,25000,76.77,1,5,76.77
61,23,Masculino,45654,74,4,28,Alimentos,16185,156.9,1,6,156.9
62,30,Femenino,75361,100,9,50,Ropa,40388,148.17,1,7,148.17
63,49,Femenino,119265,100,7,50,Deportes,33832,16.54,1,2,16.54
64,50,Femenino,124651,100,5,50,Electrónica,71280,98.24,1,4,98.24
65,27,Femenino,76901,94,1,50,Deportes,23580,15.57,1,1,15.57
66,32,Masculino,92015,100,3,50,Hogar,38815,338.7,1,14,338.7
67,36,Femenino,89636,100,3,50,Electrónica,59573,124.2,1,7,124.2
68,43,Femenino,103139,100,8,50,Ropa,38034,37.89,1,4,37.89
69,32,Masculino,92597,100,6,50,Electrónica,68389,131.2,1,5,131.2
70,49,Femenino,116078,100,8,50,Deportes,23131,201.53,1,9,201.53
71,23,Femenino,47819,53,1,22,Electrónica,60248,90.21,1,3,90.21
72,58,Femenino,119975,100,4,50,Alimentos,24464,276.86,1,9,276.86
73,31,Femenino,72625,84,2,50,Alimentos,11170,322.56,1,15,322.56
74,38,Femenino,101649,100,4,50,Hogar,49114,72.93,1,3,72.93
75,58,Femenino,131457,100,7,50,Alimentos,22789,302.89,1,12,302.89
76,60,Femenino,138589,100,8,50,Hogar,46225,111.8,1,6,111.8
77,49,Masculino,115455,100,5,50,Alimentos,7204,168.89,1,8,168.89
78,32,Femenino,84802,98,9,50,Ropa,31825,153.09,1,6,153.09
79,30,Otro,84005,87,2,50,Alimentos,12232,325.52,1,14,325.52
80,68,Otro,136391,100,8,50,Electrónica,77904,90.94,1,4,90.94
81,65,Otro,141111,100,9,50,Electrónica,91352,330.53,1,12,330.53
82,36,Femenino,86818,88,2,50,Alimentos,21695,105.65,1,5,105.65
83,36,Femenino,89508,100,7,50,Deportes,31856,130.11,1,6,130.11
84,56,Masculino,125839,100,8,50,Electrónica,76367,287.82,1,12,287.82
85,19,Masculino,38037,41,2,22,Ropa,32640,282.61,1,10,282.61
86,31,Otro,85283,100,4,50,Hogar,35167,78.51,1,3,78.51
87,59,Masculino,128575,99,7,50,Hogar,42885,55.57,1,3,55.57
88,31,Masculino,82512,93,3,50,Deportes,13632,318.69,1,11,318.69
89,18,Otro,48502,79,5,35,Ropa,23959,73.52,1,4,73.52
90,45,Otro,115019,100,4,50,Hogar,47668,213.27,1,10,213.27
91,32,Otro,89363,100,1,50,Hogar,49213,107.06,1,5,107.06
92,39,Otro,98414,99,5,50,Hogar,39863,34.06,1,2,34.06
93,65,Masculino,134690,100,9,50,Electrónica,76712,73.49,1,3,73.49
94,46,Otro,112058,100,8,50,Ropa,32386,167.03,1,6,167.03
95,30,Otro,63189,100,6,50,Deportes,27909,272.21,1,9,272.21
96,23,Masculino,47776,99,8,49,Ropa,13323,243.09,1,12,243.09
97,63,Otro,123396,100,10,50,Electrónica,84232,120.1,1,6,120.1
98,49,Masculino,110325,100,8,50,Ropa,45992,158.76,1,6,158.76
99,21,Otro,56998,91,3,34,Deportes,27425,128.93,1,5,128.93
100,26,Femenino,59626,100,4,50,Ropa,22659,159.77,1,5,159.77
101,40,Femenino,97972,96,5,50,Alimentos,25281,44.56,1,1,44.56
102,18,Masculino,57368,89,5,44,Alimentos,14656,185.18,1,9,185.18
103,19,Masculino,45594,80,5,32,Ropa,21809,128.48,1,6,128.48
104,60,Femenino,139013,100,5,50,Deportes,54051,182.81,1,7,182.81
105,20,Otro,41972,36,1,18,Ropa,24132,174.87,1,9,174.87
106,55,Femenino,124651,100,8,50,Electrónica,84109,99.84,1,4,99.84
107,19,Otro,38750,56,2,23,Deportes,5396,186.88,1,8,186.88
108,65,Masculino,135449,100,8,50,Hogar,60185,84.82,1,7,84.82
109,57,Femenino,136563,100,9,50,Electrónica,92796,193.9,1,9,193.9
110,56,Femenino,112229,100,8,50,Hogar,45930,140.45,1,8,140.45
111,37,Masculino,100410,100,6,50,Deportes,36819,130.67,1,6,130.67
112,64,Masculino,139815,100,7,50,Ropa,50199,61.18,1,1,61.18
113,58,Masculino,126328,100,6,50,Alimentos,24579,109.65,1,5,109.65
114,32,Masculino,71860,100,4,50,Deportes,27939,185.96,1,8,185.96
115,64,Masculino,138324,100,7,50,Electrónica,75274,137,1,5,137
116,59,Masculino,128035,100,7,50,Hogar,44223,326.42,1,13,326.42
117,62,Masculino,137969,100,7,50,Electrónica,88738,86.86,1,5,86.86
118,62,Masculino,136072,100,8,50,Hogar,58221,176.84,1,8,176.84
119,33,Masculino,101716,100,6,50,Alimentos,18273,247.76,1,10,247.76
120,68,Femenino,137021,91,4,50,Ropa,37489,127.9,1,6,127.9
121,47,Femenino,105289,100,6,50,Alimentos,19550,203.81,1,9,203.81
122,43,Masculino,110413,100,6,50,Electrónica,78417,118.58,1,6,118.58
123,26,Otro,69755,100,5,50,Deportes,17608,111.22,1,4,111.22
124,30,Masculino,92108,100,5,50,Hogar,40427,113.81,1,6,113.81
125,66,Otro,145291,100,4,50,Ropa,49821,232.85,1,11,232.85
126,26,Femenino,70987,100,6,50,Electrónica,63284,296.12,1,13,296.12
127,58,Masculino,144845,100,8,50,Deportes,52557,186.37,1,9,186.37
128,40,Otro,90676,100,7,50,Electrónica,67459,227.5,1,10,227.5
129,67,Otro,132742,97,4,50,Deportes,37108,159.82,1,7,159.82
130,61,Femenino,125061,100,5,50,Ropa,33936,76.47,1,3,76.47
131,51,Masculino,118892,100,7,50,Deportes,45428,29.65,1,1,29.65
132,67,Femenino,126110,100,9,50,Hogar,44661,23.46,1,1,23.46
133,25,Otro,70716,100,5,50,Alimentos,17286,209.71,1,10,209.71
134,26,Masculino,67275,100,6,50,Deportes,24519,167.3,1,7,167.3
135,29,Femenino,62563,100,5,50,Ropa,18526,77.61,1,4,77.61
136,31,Masculino,73260,100,8,50,Deportes,24179,310.6,1,15,310.6
137,48,Masculino,120497,100,6,50,Deportes,47370,249.57,1,11,249.57
138,67,Femenino,146043,100,5,50,Ropa,47184,356.59,1,14,356.59
139,18,Femenino,62146,100,5,50,Alimentos,5733,48.74,1,3,48.74
140,18,Femenino,70400,100,2,50,Ropa,26899,14.66,1,1,14.66
141,23,Otro,63030,100,8,50,Electrónica,62984,185.77,1,10,185.77
142,37,Masculino,87594,100,2,50,Hogar,58034,71.86,1,3,71.86
143,55,Otro,107312,100,6,50,Alimentos,26546,144.63,1,7,144.63
144,41,Femenino,105809,100,3,50,Hogar,36528,292.16,1,10,292.16
145,44,Otro,101859,100,8,50,Electrónica,83192,50.25,1,2,50.25
146,58,Otro,126437,100,7,50,Electrónica,65217,222.51,1,11,222.51
147,69,Masculino,135791,100,10,50,Electrónica,83991,257.1,1,9,257.1
148,47,Femenino,113233,100,3,50,Hogar,54921,173.36,1,8,173.36
149,34,Otro,97769,100,5,50,Alimentos,20465,196.35,1,11,196.35
150,54,Masculino,128088,100,8,50,Ropa,32364,150.6,1,7,150.6
151,55,Otro,125072,100,6,50,Electrónica,74008,212.02,1,7,212.02
152,45,Femenino,101679,95,4,50,Hogar,49391,309.66,1,11,309.66
153,43,Masculino,93728,100,7,50,Alimentos,24949,333.91,1,11,333.91
154,30,Otro,73998,100,3,50,Electrónica,55747,30.21,1,2,30.21
155,53,Otro,123316,100,5,50,Electrónica,70564,229.33,1,10,229.33
156,24,Femenino,78086,94,3,50,Hogar,28674,15.01,1,1,15.01
157,69,Femenino,140972,100,5,50,Ropa,47093,232.85,1,9,232.85
158,61,Otro,142245,100,7,50,Alimentos,43235,14.04,1,1,14.04
159,58,Otro,125681,87,3,50,Hogar,51291,106.98,1,6,106.98
160,36,Otro,82111,95,3,50,Hogar,36742,270.56,1,11,270.56
161,69,Femenino,131114,100,3,50,Deportes,27896,341.87,1,10,341.87
162,64,Otro,129648,100,4,50,Deportes,28573,379.48,1,17,379.48
163,45,Masculino,131656,100,5,50,Deportes,43079,232.67,1,12,232.67
164,60,Otro,124983,100,6,50,Deportes,29340,107.7,1,5,107.7
165,64,Otro,143721,100,5,50,Hogar,48640,380,1,16,380
166,41,Femenino,95274,100,7,50,Alimentos,24813,228.39,1,8,228.39
167,18,Otro,52559,100,9,50,Ropa,19551,358.06,1,14,358.06
168,36,Otro,96240,100,9,50,Ropa,30744,189.24,1,8,189.24
169,51,Femenino,119490,97,5,50,Deportes,35791,65.89,1,3,65.89
170,37,Masculino,96133,96,6,50,Alimentos,25414,166.37,1,9,166.37
171,21,Masculino,49007,57,1,23,Hogar,39199,140.58,1,7,140.58
172,19,Masculino,52815,66,1,30,Alimentos,16824,140.27,1,7,140.27
173,56,Femenino,123680,100,8,50,Hogar,48963,49.59,1,3,49.59
174,47,Otro,103470,100,4,50,Hogar,34412,262.52,1,10,262.52
175,33,Femenino,74299,100,2,50,Deportes,15194,224.35,1,7,224.35
176,34,Masculino,91228,80,1,50,Deportes,22145,30.49,1,2,30.49
177,65,Otro,150000,100,4,50,Electrónica,83584,194.56,1,8,194.56
178,67,Femenino,139940,100,7,50,Electrónica,83675,322.05,1,9,322.05
179,45,Femenino,109932,100,7,50,Alimentos,11475,181.57,1,8,181.57
180,48,Masculino,120247,100,5,50,Hogar,39130,337.06,1,14,337.06
181,49,Masculino,131054,92,3,50,Alimentos,35635,380,1,12,380
182,40,Masculino,104849,93,6,50,Electrónica,72519,143.36,1,7,143.36
183,43,Femenino,103602,97,4,50,Hogar,29748,215.51,1,12,215.51
184,27,Masculino,81957,100,7,50,Alimentos,36004,212.9,1,8,212.9
185,41,Femenino,107259,100,5,50,Hogar,41335,288.45,1,10,288.45
186,40,Otro,115197,95,6,50,Alimentos,29118,170.61,1,8,170.61
187,35,Masculino,93649,96,5,50,Electrónica,71094,362.16,1,14,362.16
188,55,Masculino,116980,99,5,50,Deportes,33279,302.67,1,11,302.67
189,45,Masculino,100187,100,4,50,Electrónica,63761,31.62,1,1,31.62
190,41,Otro,118258,88,3,50,Electrónica,87008,322.7,1,11,322.7
191,35,Masculino,107513,92,5,50,Electrónica,78621,193.98,1,8,193.98
192,63,Otro,133684,100,10,50,Electrónica,88583,146.18,1,8,146.18
193,69,Femenino,136351,100,7,50,Alimentos,36499,157.58,1,9,157.58
194,69,Masculino,150000,100,10,50,Ropa,44691,170.33,1,7,170.33
195,67,Otro,128537,100,10,50,Electrónica,90547,150.15,1,7,150.15
196,48,Masculino,109622,100,8,50,Hogar,39199,79.89,1,4,79.89
197,34,Femenino,93965,95,6,50,Hogar,41356,93.46,1,4,93.46
198,39,Masculino,97249,100,6,50,Alimentos,10679,239.97,1,10,239.97
199,45,Femenino,110954,100,10,50,Alimentos,15132,214.89,1,9,214.89
200,63,Femenino,133829,100,8,50,Ropa,48092,143.39,1,7,143.39
201,45,Masculino,115538,100,6,50,Alimentos,20845,NA,NA,NA,NA
202,25,Masculino,79167,100,5,50,Deportes,12925,NA,NA,NA,NA
203,66,Otro,138590,100,8,50,Hogar,55782,NA,NA,NA,NA
204,49,Masculino,125095,100,6,50,Hogar,61625,NA,NA,NA,NA
205,27,Masculino,53548,100,5,46,Electrónica,69676,NA,NA,NA,NA
206,34,Masculino,89237,96,2,50,Electrónica,62446,NA,NA,NA,NA
207,58,Masculino,124086,100,8,50,Deportes,40606,NA,NA,NA,NA
208,59,Femenino,120331,100,4,50,Ropa,44864,NA,NA,NA,NA
209,60,Femenino,124472,100,9,50,Hogar,57491,NA,NA,NA,NA
210,47,Otro,111493,100,8,50,Electrónica,73141,NA,NA,NA,NA
211,40,Femenino,109618,100,7,50,Ropa,39339,NA,NA,NA,NA
212,18,Otro,32237,22,1,11,Hogar,33480,NA,NA,NA,NA
213,47,Femenino,114776,100,7,50,Deportes,41205,NA,NA,NA,NA
214,33,Masculino,82942,89,2,50,Hogar,31817,NA,NA,NA,NA
215,69,Otro,136851,100,3,50,Electrónica,75743,NA,NA,NA,NA
216,26,Otro,76800,100,2,50,Electrónica,70945,NA,NA,NA,NA
217,46,Femenino,117618,84,1,50,Deportes,40471,NA,NA,NA,NA
218,55,Femenino,138537,100,5,50,Electrónica,82327,NA,NA,NA,NA
219,57,Masculino,129109,100,7,50,Ropa,55774,NA,NA,NA,NA
220,69,Masculino,135037,100,10,50,Electrónica,80447,NA,NA,NA,NA
221,62,Masculino,133860,100,8,50,Ropa,57232,NA,NA,NA,NA
222,67,Otro,140682,100,7,50,Ropa,50293,NA,NA,NA,NA
223,53,Femenino,125389,94,7,50,Deportes,62752,NA,NA,NA,NA
224,51,Femenino,111141,88,5,50,Alimentos,16115,NA,NA,NA,NA
225,54,Femenino,125989,100,6,50,Electrónica,72172,NA,NA,NA,NA
226,19,Femenino,49354,87,6,42,Hogar,34083,NA,NA,NA,NA
227,65,Masculino,150000,100,10,50,Electrónica,89495,NA,NA,NA,NA
228,53,Masculino,142192,100,6,50,Hogar,64506,NA,NA,NA,NA
229,19,Otro,39621,87,4,38,Alimentos,5355,NA,NA,NA,NA
230,56,Masculino,126689,94,6,50,Electrónica,83498,NA,NA,NA,NA
231,24,Femenino,49004,71,4,35,Electrónica,69305,NA,NA,NA,NA
232,66,Masculino,133959,100,7,50,Alimentos,36828,NA,NA,NA,NA
233,41,Femenino,106240,93,4,50,Alimentos,15568,NA,NA,NA,NA
234,29,Femenino,86653,100,5,50,Deportes,38486,NA,NA,NA,NA
235,19,Femenino,40738,30,1,17,Alimentos,22205,NA,NA,NA,NA
236,42,Otro,99488,100,6,50,Deportes,36885,NA,NA,NA,NA
237,62,Otro,115049,100,5,50,Electrónica,74823,NA,NA,NA,NA
238,64,Otro,134711,100,7,50,Alimentos,33657,NA,NA,NA,NA
239,64,Femenino,126613,100,10,50,Alimentos,32595,NA,NA,NA,NA
240,44,Femenino,104410,100,8,50,Alimentos,30345,NA,NA,NA,NA
241,41,Femenino,95508,100,8,50,Deportes,33958,NA,NA,NA,NA
242,31,Femenino,80052,91,2,50,Electrónica,56120,NA,NA,NA,NA
243,25,Otro,49180,71,5,30,Electrónica,56369,NA,NA,NA,NA
244,47,Femenino,101297,100,5,50,Hogar,34854,NA,NA,NA,NA
245,28,Otro,92338,100,5,50,Hogar,39540,NA,NA,NA,NA
246,44,Masculino,99088,100,6,50,Electrónica,70404,NA,NA,NA,NA
247,54,Otro,115304,100,8,50,Deportes,39961,NA,NA,NA,NA
248,28,Otro,89707,88,3,50,Deportes,30865,NA,NA,NA,NA
249,54,Femenino,150000,100,8,50,Deportes,42323,NA,NA,NA,NA
250,47,Masculino,105456,100,4,50,Hogar,50368,NA,NA,NA,NA
251,43,Masculino,105486,100,9,50,Electrónica,73242,NA,NA,NA,NA
252,25,Otro,68074,100,4,50,Alimentos,10174,NA,NA,NA,NA
253,49,Otro,133358,94,6,50,Alimentos,34129,NA,NA,NA,NA
254,66,Otro,128893,100,9,50,Hogar,37833,NA,NA,NA,NA
255,27,Otro,68292,100,5,50,Ropa,21726,NA,NA,NA,NA
256,46,Otro,119771,100,7,50,Ropa,48384,NA,NA,NA,NA
257,26,Masculino,73188,97,4,50,Deportes,12264,NA,NA,NA,NA
258,37,Otro,91615,100,3,50,Electrónica,73636,NA,NA,NA,NA
259,68,Masculino,139471,100,7,50,Alimentos,43785,NA,NA,NA,NA
260,39,Femenino,86926,100,5,50,Deportes,26110,NA,NA,NA,NA
261,39,Otro,97156,100,7,50,Deportes,35175,NA,NA,NA,NA
262,60,Otro,129978,95,5,50,Electrónica,84781,NA,NA,NA,NA
263,64,Otro,138265,100,10,50,Electrónica,80653,NA,NA,NA,NA
264,57,Femenino,124002,100,4,50,Electrónica,80599,NA,NA,NA,NA
265,63,Masculino,141044,100,9,50,Ropa,43884,NA,NA,NA,NA
266,53,Femenino,132914,100,8,50,Hogar,47303,NA,NA,NA,NA
267,57,Femenino,130399,83,7,50,Hogar,43452,NA,NA,NA,NA
268,23,Femenino,62466,100,3,50,Alimentos,13271,NA,NA,NA,NA
269,33,Femenino,86278,100,7,50,Deportes,38648,NA,NA,NA,NA
270,28,Femenino,73176,100,7,50,Electrónica,64134,NA,NA,NA,NA
271,69,Masculino,134806,100,7,50,Alimentos,23198,NA,NA,NA,NA
272,52,Femenino,125223,100,7,50,Ropa,35236,NA,NA,NA,NA
273,47,Femenino,113624,100,7,50,Hogar,47816,NA,NA,NA,NA
274,60,Femenino,150000,100,6,50,Ropa,60623,NA,NA,NA,NA
275,22,Femenino,70535,82,3,50,Ropa,28550,NA,NA,NA,NA
276,39,Femenino,102773,90,3,50,Alimentos,17761,NA,NA,NA,NA
277,53,Femenino,116932,100,5,50,Ropa,44204,NA,NA,NA,NA
278,63,Masculino,126788,94,9,50,Ropa,43511,NA,NA,NA,NA
279,47,Femenino,125220,96,4,50,Electrónica,72166,NA,NA,NA,NA
280,53,Femenino,126165,98,3,50,Ropa,32330,NA,NA,NA,NA
281,61,Femenino,137721,100,7,50,Hogar,60650,NA,NA,NA,NA
282,34,Masculino,73974,100,5,50,Ropa,10838,NA,NA,NA,NA
283,33,Masculino,95647,98,4,50,Electrónica,73358,NA,NA,NA,NA
284,43,Masculino,112890,100,5,50,Electrónica,69632,NA,NA,NA,NA
285,63,Femenino,125306,96,4,50,Deportes,33962,NA,NA,NA,NA
286,51,Masculino,118156,100,4,50,Ropa,49979,NA,NA,NA,NA
287,31,Masculino,84773,84,1,50,Ropa,22185,NA,NA,NA,NA
288,56,Masculino,129747,100,4,50,Hogar,41132,NA,NA,NA,NA
289,38,Masculino,96045,100,8,50,Deportes,32955,NA,NA,NA,NA
290,43,Masculino,107869,94,4,50,Electrónica,73580,NA,NA,NA,NA
291,45,Femenino,108732,100,6,50,Ropa,34796,NA,NA,NA,NA
292,62,Femenino,135748,100,6,50,Hogar,38304,NA,NA,NA,NA
293,45,Femenino,124243,99,4,50,Deportes,30522,NA,NA,NA,NA
294,47,Femenino,91400,100,1,50,Ropa,37731,NA,NA,NA,NA
295,18,Femenino,42043,68,5,33,Electrónica,61634,NA,NA,NA,NA
296,56,Femenino,129364,100,6,50,Deportes,42959,NA,NA,NA,NA
297,40,Masculino,105539,100,2,50,Deportes,28298,NA,NA,NA,NA
298,39,Masculino,97453,100,4,50,Deportes,25587,NA,NA,NA,NA
299,59,Masculino,116990,100,5,50,Alimentos,37598,NA,NA,NA,NA
300,55,Femenino,129452,100,3,50,Alimentos,25505,NA,NA,NA,NA
301,52,Femenino,137921,100,6,50,Alimentos,28735,NA,NA,NA,NA
302,50,Femenino,105570,100,3,50,Hogar,46809,NA,NA,NA,NA
303,59,Femenino,139074,100,8,50,Electrónica,77056,NA,NA,NA,NA
304,50,Femenino,116418,100,9,50,Electrónica,73555,NA,NA,NA,NA
305,32,Masculino,84323,100,4,50,Deportes,27149,NA,NA,NA,NA
306,48,Masculino,108199,100,2,50,Deportes,30764,NA,NA,NA,NA
307,26,Femenino,64765,100,1,50,Hogar,29238,NA,NA,NA,NA
308,54,Femenino,136875,100,6,50,Electrónica,94231,NA,NA,NA,NA
309,64,Femenino,141419,92,3,50,Alimentos,32025,NA,NA,NA,NA
310,50,Masculino,136466,100,6,50,Deportes,24846,NA,NA,NA,NA
311,53,Masculino,135897,99,4,50,Electrónica,79641,NA,NA,NA,NA
312,30,Masculino,83827,100,7,50,Deportes,30224,NA,NA,NA,NA
313,69,Femenino,150000,100,6,50,Electrónica,83018,NA,NA,NA,NA
314,44,Masculino,114626,100,4,50,Alimentos,26014,NA,NA,NA,NA
315,68,Femenino,146627,100,9,50,Electrónica,84710,NA,NA,NA,NA
316,20,Femenino,47706,80,4,33,Electrónica,61090,NA,NA,NA,NA
317,18,Femenino,44774,35,1,18,Electrónica,66552,NA,NA,NA,NA
318,23,Femenino,53023,78,4,40,Electrónica,56830,NA,NA,NA,NA
319,61,Masculino,143806,100,7,50,Hogar,45606,NA,NA,NA,NA
320,34,Masculino,79070,100,6,50,Ropa,51993,NA,NA,NA,NA
321,43,Femenino,114341,86,3,50,Deportes,28213,NA,NA,NA,NA
322,46,Masculino,112559,98,3,50,Hogar,41501,NA,NA,NA,NA
323,55,Masculino,138541,100,4,50,Ropa,32516,NA,NA,NA,NA
324,30,Masculino,86633,100,4,50,Hogar,36442,NA,NA,NA,NA
325,41,Masculino,121286,100,3,50,Hogar,36345,NA,NA,NA,NA
326,59,Masculino,139377,100,6,50,Alimentos,29088,NA,NA,NA,NA
327,50,Masculino,106727,100,7,50,Ropa,45727,NA,NA,NA,NA
328,41,Femenino,102797,100,5,50,Alimentos,25780,NA,NA,NA,NA
329,68,Masculino,130127,99,5,50,Alimentos,32961,NA,NA,NA,NA
330,28,Masculino,70010,100,4,50,Alimentos,1271,NA,NA,NA,NA
331,30,Masculino,93476,100,4,50,Alimentos,32114,NA,NA,NA,NA
332,38,Masculino,104413,97,1,50,Deportes,20517,NA,NA,NA,NA
333,21,Masculino,48610,50,3,33,Deportes,33374,NA,NA,NA,NA
334,58,Masculino,122552,100,9,50,Alimentos,38330,NA,NA,NA,NA
335,60,Masculino,134170,100,6,50,Alimentos,34987,NA,NA,NA,NA
336,40,Masculino,91926,100,8,50,Alimentos,16902,NA,NA,NA,NA
337,58,Masculino,125635,100,5,50,Alimentos,28974,NA,NA,NA,NA
338,42,Masculino,109683,100,7,50,Hogar,40819,NA,NA,NA,NA
339,28,Femenino,83573,100,9,50,Deportes,32102,NA,NA,NA,NA
340,48,Masculino,123154,92,6,50,Alimentos,26573,NA,NA,NA,NA
341,31,Masculino,61778,100,6,50,Electrónica,47439,NA,NA,NA,NA
342,69,Femenino,142539,100,7,50,Ropa,54790,NA,NA,NA,NA
343,32,Masculino,85523,100,6,50,Hogar,36795,NA,NA,NA,NA
344,41,Masculino,108625,100,4,50,Hogar,37469,NA,NA,NA,NA
345,33,Masculino,101846,94,6,50,Ropa,32327,NA,NA,NA,NA
346,62,Femenino,115806,100,10,50,Electrónica,81082,NA,NA,NA,NA
347,38,Femenino,91855,100,5,50,Deportes,23614,NA,NA,NA,NA
348,39,Femenino,104618,100,4,50,Hogar,24123,NA,NA,NA,NA
349,44,Masculino,96441,100,5,50,Deportes,33812,NA,NA,NA,NA
350,56,Femenino,141059,100,7,50,Electrónica,85219,NA,NA,NA,NA
351,68,Masculino,143990,100,6,50,Alimentos,31886,NA,NA,NA,NA
352,47,Femenino,122119,100,5,50,Electrónica,67041,NA,NA,NA,NA
353,61,Masculino,129762,100,8,50,Hogar,50518,NA,NA,NA,NA
354,63,Masculino,144124,100,6,50,Deportes,33064,NA,NA,NA,NA
355,38,Masculino,108291,100,7,50,Deportes,28593,NA,NA,NA,NA
356,32,Masculino,86971,83,7,50,Ropa,28452,NA,NA,NA,NA
357,49,Masculino,121410,100,5,50,Ropa,45815,NA,NA,NA,NA
358,57,Masculino,132933,96,3,50,Electrónica,73112,NA,NA,NA,NA
359,50,Masculino,113105,91,3,50,Alimentos,19795,NA,NA,NA,NA
360,38,Masculino,97347,100,5,50,Electrónica,82861,NA,NA,NA,NA
361,28,Femenino,71802,100,3,50,Electrónica,63563,NA,NA,NA,NA
362,21,Masculino,58351,74,5,45,Hogar,33766,NA,NA,NA,NA
363,26,Masculino,78273,99,1,50,Hogar,28049,NA,NA,NA,NA
364,63,Masculino,127273,100,9,50,Deportes,38128,NA,NA,NA,NA
365,21,Masculino,53775,99,2,47,Hogar,11399,NA,NA,NA,NA
366,19,Masculino,62133,93,5,50,Ropa,32575,NA,NA,NA,NA
367,65,Femenino,130308,100,5,50,Ropa,45164,NA,NA,NA,NA
368,53,Femenino,116400,100,10,50,Hogar,47460,NA,NA,NA,NA
369,63,Masculino,138621,100,6,50,Deportes,41044,NA,NA,NA,NA
370,23,Femenino,66899,100,7,50,Electrónica,69081,NA,NA,NA,NA
371,20,Masculino,51978,55,1,29,Alimentos,1793,NA,NA,NA,NA
372,39,Femenino,111261,93,6,50,Deportes,31362,NA,NA,NA,NA
373,30,Masculino,87586,85,2,50,Electrónica,55900,NA,NA,NA,NA
374,64,Masculino,145251,100,7,50,Deportes,56984,NA,NA,NA,NA
375,33,Femenino,90787,100,4,50,Alimentos,24746,NA,NA,NA,NA
376,25,Femenino,85949,98,4,50,Electrónica,50045,NA,NA,NA,NA
377,46,Masculino,112429,100,4,50,Hogar,31172,NA,NA,NA,NA
378,45,Femenino,92968,100,5,50,Hogar,37209,NA,NA,NA,NA
379,41,Femenino,117838,100,7,50,Ropa,37750,NA,NA,NA,NA
380,59,Masculino,128681,100,6,50,Deportes,30368,NA,NA,NA,NA
381,67,Femenino,139471,100,10,50,Deportes,59821,NA,NA,NA,NA
382,68,Masculino,150000,100,4,50,Electrónica,82902,NA,NA,NA,NA
383,65,Masculino,124080,100,6,50,Deportes,41867,NA,NA,NA,NA
384,46,Masculino,103010,95,3,50,Hogar,33682,NA,NA,NA,NA
385,38,Masculino,84263,100,4,50,Deportes,32119,NA,NA,NA,NA
386,69,Masculino,134153,100,8,50,Alimentos,30278,NA,NA,NA,NA
387,51,Femenino,124857,100,9,50,Electrónica,77744,NA,NA,NA,NA
388,25,Femenino,69718,94,2,50,Electrónica,63877,NA,NA,NA,NA
389,34,Masculino,92161,88,4,50,Deportes,17540,NA,NA,NA,NA
390,37,Masculino,83785,94,2,50,Electrónica,74128,NA,NA,NA,NA
391,67,Femenino,117709,95,5,50,Deportes,37303,NA,NA,NA,NA
392,28,Masculino,75164,87,4,50,Hogar,41863,NA,NA,NA,NA
393,55,Femenino,122254,100,7,50,Ropa,34580,NA,NA,NA,NA
394,69,Femenino,143934,100,10,50,Ropa,43808,NA,NA,NA,NA
395,69,Femenino,146118,100,6,50,Hogar,43657,NA,NA,NA,NA
396,54,Masculino,127919,100,6,50,Alimentos,31209,NA,NA,NA,NA
397,23,Masculino,67641,99,6,50,Electrónica,63567,NA,NA,NA,NA
398,48,Masculino,119738,100,8,50,Deportes,36258,NA,NA,NA,NA
399,19,Femenino,52071,80,6,45,Alimentos,5799,NA,NA,NA,NA
400,41,Femenino,97058,94,2,50,Ropa,22243,NA,NA,NA,NA
401,32,Masculino,83258,100,5,50,Electrónica,65484,NA,NA,NA,NA
402,63,Masculino,138571,100,8,50,Ropa,43734,NA,NA,NA,NA
403,40,Otro,108760,99,5,50,Alimentos,19096,NA,NA,NA,NA
404,36,Masculino,90731,100,7,50,Alimentos,32432,NA,NA,NA,NA
405,21,Masculino,59591,54,1,35,Hogar,30112,NA,NA,NA,NA
406,29,Otro,73407,100,8,50,Hogar,45368,NA,NA,NA,NA
407,24,Otro,61117,100,3,50,Alimentos,6819,NA,NA,NA,NA
408,40,Otro,108841,100,7,50,Ropa,40628,NA,NA,NA,NA
409,63,Femenino,117362,100,7,50,Hogar,45555,NA,NA,NA,NA
410,20,Femenino,38707,46,4,20,Hogar,21333,NA,NA,NA,NA
411,43,Femenino,93960,80,3,50,Ropa,41370,NA,NA,NA,NA
412,61,Masculino,113897,97,10,50,Ropa,42172,NA,NA,NA,NA
413,19,Femenino,41196,28,2,12,Hogar,39433,NA,NA,NA,NA
414,69,Femenino,146545,100,8,50,Alimentos,30627,NA,NA,NA,NA
415,57,Masculino,127936,99,7,50,Alimentos,29307,NA,NA,NA,NA
416,38,Masculino,100455,100,4,50,Deportes,24850,NA,NA,NA,NA
417,52,Masculino,133678,100,10,50,Hogar,61480,NA,NA,NA,NA
418,51,Femenino,132849,100,10,50,Ropa,49811,NA,NA,NA,NA
419,64,Masculino,137053,100,7,50,Ropa,48201,NA,NA,NA,NA
420,46,Masculino,126457,100,5,50,Hogar,55616,NA,NA,NA,NA
421,46,Femenino,113604,100,4,50,Ropa,45143,NA,NA,NA,NA
422,56,Masculino,121738,100,7,50,Hogar,52343,NA,NA,NA,NA
423,62,Femenino,129025,100,8,50,Electrónica,69768,NA,NA,NA,NA
424,56,Masculino,115950,100,8,50,Alimentos,23737,NA,NA,NA,NA
425,41,Masculino,96907,100,3,50,Electrónica,60046,NA,NA,NA,NA
426,40,Masculino,99653,100,7,50,Electrónica,76820,NA,NA,NA,NA
427,47,Femenino,121732,100,9,50,Deportes,42178,NA,NA,NA,NA
428,54,Masculino,142162,100,6,50,Alimentos,23115,NA,NA,NA,NA
429,20,Masculino,39435,75,5,24,Electrónica,61868,NA,NA,NA,NA
430,64,Masculino,141210,100,6,50,Hogar,40163,NA,NA,NA,NA
431,40,Masculino,93510,88,4,50,Alimentos,18892,NA,NA,NA,NA
432,29,Femenino,80072,100,2,50,Ropa,15477,NA,NA,NA,NA
433,44,Femenino,107995,100,6,50,Electrónica,76415,NA,NA,NA,NA
434,57,Masculino,114022,100,5,50,Electrónica,75794,NA,NA,NA,NA
435,32,Femenino,91730,87,2,50,Hogar,48196,NA,NA,NA,NA
436,52,Masculino,118430,100,6,50,Deportes,43133,NA,NA,NA,NA
437,48,Masculino,112870,99,5,50,Alimentos,21913,NA,NA,NA,NA
438,47,Femenino,104872,98,1,50,Electrónica,72696,NA,NA,NA,NA
439,63,Femenino,129411,100,4,50,Deportes,28028,NA,NA,NA,NA
440,23,Femenino,63151,100,7,50,Deportes,18299,NA,NA,NA,NA
441,46,Masculino,112572,100,7,50,Ropa,42135,NA,NA,NA,NA
442,26,Femenino,70733,100,2,50,Ropa,9733,NA,NA,NA,NA
443,47,Masculino,119257,100,6,50,Electrónica,75134,NA,NA,NA,NA
444,62,Masculino,147761,100,8,50,Ropa,42039,NA,NA,NA,NA
445,62,Femenino,131290,100,6,50,Alimentos,30969,NA,NA,NA,NA
446,53,Masculino,112008,100,7,50,Electrónica,67124,NA,NA,NA,NA
447,27,Masculino,81605,100,8,50,Alimentos,23399,NA,NA,NA,NA
448,31,Femenino,77917,100,7,50,Deportes,28687,NA,NA,NA,NA
449,50,Masculino,130906,100,5,50,Hogar,56971,NA,NA,NA,NA
450,48,Masculino,121125,100,4,50,Electrónica,73886,NA,NA,NA,NA
451,24,Masculino,62495,86,3,50,Alimentos,5499,NA,NA,NA,NA
452,45,Femenino,114139,100,9,50,Deportes,37448,NA,NA,NA,NA
453,30,Masculino,97434,100,6,50,Electrónica,60789,NA,NA,NA,NA
454,27,Masculino,90693,100,2,50,Hogar,37437,NA,NA,NA,NA
455,28,Masculino,75299,100,8,50,Electrónica,71057,NA,NA,NA,NA
456,61,Masculino,136342,98,5,50,Ropa,60747,NA,NA,NA,NA
457,30,Masculino,89561,100,5,50,Electrónica,62971,NA,NA,NA,NA
458,62,Masculino,128264,100,8,50,Alimentos,29664,NA,NA,NA,NA
459,30,Masculino,82873,100,5,50,Ropa,26701,NA,NA,NA,NA
460,55,Femenino,126267,100,4,50,Deportes,38548,NA,NA,NA,NA
461,41,Masculino,107725,100,6,50,Hogar,45321,NA,NA,NA,NA
462,57,Femenino,121500,92,5,50,Electrónica,74555,NA,NA,NA,NA
463,53,Masculino,110994,95,6,50,Ropa,46031,NA,NA,NA,NA
464,65,Femenino,118343,100,10,50,Deportes,36858,NA,NA,NA,NA
465,54,Femenino,115119,100,8,50,Ropa,48313,NA,NA,NA,NA
466,69,Masculino,137172,100,9,50,Ropa,51429,NA,NA,NA,NA
467,25,Masculino,63861,100,1,46,Alimentos,10321,NA,NA,NA,NA
468,54,Masculino,144110,83,3,50,Ropa,41107,NA,NA,NA,NA
469,32,Masculino,94829,100,5,50,Alimentos,37565,NA,NA,NA,NA
470,53,Masculino,116641,100,4,50,Ropa,32053,NA,NA,NA,NA
471,32,Masculino,88004,95,7,50,Alimentos,23039,NA,NA,NA,NA
472,35,Masculino,88336,100,5,50,Electrónica,61781,NA,NA,NA,NA
473,53,Femenino,121241,100,5,50,Hogar,57366,NA,NA,NA,NA
474,54,Femenino,126843,100,1,50,Alimentos,30408,NA,NA,NA,NA
475,36,Masculino,99848,93,5,50,Alimentos,17025,NA,NA,NA,NA
476,38,Masculino,95622,100,2,50,Alimentos,21355,NA,NA,NA,NA
477,42,Masculino,116450,89,7,50,Deportes,39530,NA,NA,NA,NA
478,48,Masculino,107398,99,3,50,Hogar,35955,NA,NA,NA,NA
479,58,Femenino,130232,100,8,50,Electrónica,85315,NA,NA,NA,NA
480,19,Femenino,70679,100,5,50,Ropa,30553,NA,NA,NA,NA
481,54,Masculino,128683,100,9,50,Deportes,44149,NA,NA,NA,NA
482,65,Masculino,150000,100,6,50,Ropa,47421,NA,NA,NA,NA
483,44,Femenino,109999,100,6,50,Alimentos,28208,NA,NA,NA,NA
484,40,Masculino,108102,100,5,50,Alimentos,25344,NA,NA,NA,NA
485,65,Masculino,137989,100,10,50,Hogar,54268,NA,NA,NA,NA
486,66,Masculino,137741,100,6,50,Ropa,40308,NA,NA,NA,NA
487,22,Femenino,49360,100,6,42,Hogar,43009,NA,NA,NA,NA
488,47,Masculino,119873,100,6,50,Ropa,33188,NA,NA,NA,NA
489,26,Femenino,60111,98,2,49,Hogar,30606,NA,NA,NA,NA
490,19,Femenino,53290,76,3,38,Ropa,23046,NA,NA,NA,NA
491,22,Femenino,66143,85,1,50,Alimentos,22065,NA,NA,NA,NA
492,39,Masculino,104099,99,6,50,Deportes,27461,NA,NA,NA,NA
493,51,Femenino,118324,99,3,50,Ropa,32026,NA,NA,NA,NA
494,35,Masculino,96086,100,3,50,Deportes,22089,NA,NA,NA,NA
495,59,Masculino,130022,100,6,50,Deportes,42222,NA,NA,NA,NA
496,33,Femenino,94220,97,1,50,Deportes,16822,NA,NA,NA,NA
497,56,Masculino,112792,100,7,50,Deportes,33506,NA,NA,NA,NA
498,54,Femenino,122155,100,5,50,Electrónica,60018,NA,NA,NA,NA
499,25,Masculino,48583,91,6,42,Alimentos,14650,NA,NA,NA,NA
500,47,Masculino,102544,100,5,50,Ropa,31914,NA,NA,NA,NA
501,42,Masculino,119150,100,4,50,Ropa,27953,NA,NA,NA,NA
502,61,Femenino,141457,100,8,50,Electrónica,90280,NA,NA,NA,NA
503,22,Masculino,51400,100,6,46,Electrónica,51284,NA,NA,NA,NA
504,18,Masculino,32152,33,5,18,Electrónica,68834,NA,NA,NA,NA
505,22,Masculino,31194,59,6,23,Electrónica,57620,NA,NA,NA,NA
506,66,Masculino,134384,100,7,50,Deportes,53207,NA,NA,NA,NA
507,58,Masculino,150000,100,5,50,Deportes,48961,NA,NA,NA,NA
508,48,Masculino,121589,100,7,50,Deportes,31893,NA,NA,NA,NA
509,68,Masculino,135639,100,8,50,Deportes,36875,NA,NA,NA,NA
510,19,Masculino,52986,57,2,33,Deportes,26954,NA,NA,NA,NA
511,24,Masculino,49626,92,6,39,Deportes,22279,NA,NA,NA,NA
512,33,Masculino,84624,99,8,50,Deportes,29963,NA,NA,NA,NA
513,19,Masculino,49695,73,4,37,Deportes,31638,NA,NA,NA,NA
514,69,Femenino,139025,100,3,50,Hogar,41860,NA,NA,NA,NA
515,28,Masculino,81792,100,5,50,Alimentos,18113,NA,NA,NA,NA
516,32,Masculino,87977,100,5,50,Electrónica,73629,NA,NA,NA,NA
517,18,Masculino,51690,71,1,34,Alimentos,16771,NA,NA,NA,NA
518,45,Femenino,104805,100,6,50,Alimentos,22836,NA,NA,NA,NA
519,45,Femenino,119080,100,4,50,Deportes,33330,NA,NA,NA,NA
520,38,Masculino,113335,100,3,50,Electrónica,58813,NA,NA,NA,NA
521,69,Masculino,132569,97,4,50,Hogar,39170,NA,NA,NA,NA
522,29,Femenino,67811,98,1,50,Hogar,30374,NA,NA,NA,NA
523,32,Femenino,95397,100,4,50,Electrónica,66748,NA,NA,NA,NA
524,47,Masculino,114278,95,7,50,Electrónica,75734,NA,NA,NA,NA
525,33,Femenino,98434,90,2,50,Ropa,38711,NA,NA,NA,NA
526,52,Masculino,119892,100,5,50,Ropa,31234,NA,NA,NA,NA
527,62,Femenino,147470,100,7,50,Deportes,43459,NA,NA,NA,NA
528,23,Femenino,60483,65,1,40,Ropa,25722,NA,NA,NA,NA
529,57,Masculino,132824,88,4,50,Deportes,33696,NA,NA,NA,NA
530,27,Masculino,86082,98,2,50,Deportes,35516,NA,NA,NA,NA
531,61,Masculino,131644,100,8,50,Deportes,48704,NA,NA,NA,NA
532,19,Masculino,40330,74,6,33,Hogar,33733,NA,NA,NA,NA
533,36,Masculino,90238,100,4,50,Deportes,41045,NA,NA,NA,NA
534,28,Masculino,78746,100,1,50,Deportes,12257,NA,NA,NA,NA
535,46,Masculino,100183,100,7,50,Deportes,33799,NA,NA,NA,NA
536,62,Femenino,140112,90,4,50,Deportes,42924,NA,NA,NA,NA
537,48,Femenino,111326,100,9,50,Hogar,40104,NA,NA,NA,NA
538,39,Masculino,111130,98,3,50,Alimentos,24565,NA,NA,NA,NA
539,27,Masculino,50452,90,4,38,Electrónica,52866,NA,NA,NA,NA
540,36,Masculino,87196,100,8,50,Alimentos,26595,NA,NA,NA,NA
541,33,Femenino,70622,100,3,50,Electrónica,68220,NA,NA,NA,NA
542,69,Masculino,133864,100,6,50,Ropa,45779,NA,NA,NA,NA
543,68,Femenino,141404,100,7,50,Alimentos,20698,NA,NA,NA,NA
544,66,Femenino,136162,100,4,50,Ropa,35652,NA,NA,NA,NA
545,23,Femenino,57020,100,5,48,Ropa,29129,NA,NA,NA,NA
546,44,Masculino,109242,100,6,50,Alimentos,25158,NA,NA,NA,NA
547,60,Masculino,135705,100,6,50,Electrónica,60453,NA,NA,NA,NA
548,22,Femenino,47298,91,3,39,Hogar,37261,NA,NA,NA,NA
549,39,Masculino,107162,100,6,50,Deportes,35471,NA,NA,NA,NA
550,53,Masculino,131264,100,5,50,Deportes,33520,NA,NA,NA,NA
551,50,Masculino,124340,94,3,50,Electrónica,80569,NA,NA,NA,NA
552,20,Masculino,56884,67,2,39,Ropa,20101,NA,NA,NA,NA
553,69,Masculino,143968,100,9,50,Deportes,41459,NA,NA,NA,NA
554,61,Femenino,150000,89,5,50,Hogar,54223,NA,NA,NA,NA
555,66,Masculino,138491,100,5,50,Deportes,53441,NA,NA,NA,NA
556,25,Femenino,62236,85,1,45,Alimentos,21683,NA,NA,NA,NA
557,45,Masculino,105718,100,4,50,Hogar,42689,NA,NA,NA,NA
558,40,Masculino,93585,100,5,50,Deportes,33519,NA,NA,NA,NA
559,33,Masculino,76100,100,6,50,Hogar,40660,NA,NA,NA,NA
560,63,Masculino,128801,100,6,50,Hogar,38868,NA,NA,NA,NA
561,61,Masculino,134264,100,6,50,Alimentos,35477,NA,NA,NA,NA
562,18,Masculino,48684,98,6,44,Alimentos,7253,NA,NA,NA,NA
563,23,Masculino,61260,85,1,50,Alimentos,10815,NA,NA,NA,NA
564,56,Masculino,122385,100,4,50,Electrónica,72547,NA,NA,NA,NA
565,68,Masculino,148777,100,9,50,Electrónica,88932,NA,NA,NA,NA
566,29,Masculino,83955,100,3,50,Ropa,29816,NA,NA,NA,NA
567,22,Masculino,56438,90,3,40,Electrónica,38926,NA,NA,NA,NA
568,45,Femenino,105124,98,7,50,Hogar,44282,NA,NA,NA,NA
569,29,Femenino,80736,100,5,50,Alimentos,21718,NA,NA,NA,NA
570,18,Masculino,47367,78,3,33,Ropa,28499,NA,NA,NA,NA
571,36,Femenino,79742,100,4,50,Electrónica,63268,NA,NA,NA,NA
572,19,Masculino,48188,83,4,35,Electrónica,72468,NA,NA,NA,NA
573,40,Femenino,103733,100,7,50,Alimentos,26878,NA,NA,NA,NA
574,48,Masculino,109578,100,7,50,Ropa,42154,NA,NA,NA,NA
575,49,Masculino,121009,93,2,50,Ropa,44123,NA,NA,NA,NA
576,51,Femenino,107807,80,2,50,Electrónica,71206,NA,NA,NA,NA
577,32,Femenino,95401,100,4,50,Alimentos,13428,NA,NA,NA,NA
578,64,Masculino,148907,100,10,50,Electrónica,69386,NA,NA,NA,NA
579,21,Femenino,51127,92,4,41,Electrónica,56533,NA,NA,NA,NA
580,51,Femenino,124171,90,4,50,Alimentos,31891,NA,NA,NA,NA
581,46,Masculino,92586,100,9,50,Ropa,34573,NA,NA,NA,NA
582,19,Masculino,38393,69,3,22,Electrónica,67149,NA,NA,NA,NA
583,33,Masculino,84656,100,4,50,Hogar,36197,NA,NA,NA,NA
584,30,Masculino,70226,100,5,50,Ropa,36737,NA,NA,NA,NA
585,51,Femenino,127330,100,6,50,Deportes,37250,NA,NA,NA,NA
586,62,Masculino,150000,100,5,50,Electrónica,84988,NA,NA,NA,NA
587,20,Masculino,41285,34,1,22,Alimentos,15771,NA,NA,NA,NA
588,47,Masculino,108463,100,7,50,Hogar,54336,NA,NA,NA,NA
589,29,Masculino,79419,94,3,50,Ropa,15963,NA,NA,NA,NA
590,33,Masculino,101800,96,3,50,Deportes,27029,NA,NA,NA,NA
591,53,Masculino,114299,99,2,50,Electrónica,76154,NA,NA,NA,NA
592,22,Masculino,60116,100,2,50,Deportes,30135,NA,NA,NA,NA
593,62,Femenino,150000,100,8,50,Deportes,48395,NA,NA,NA,NA
594,29,Masculino,62434,100,5,50,Deportes,20816,NA,NA,NA,NA
595,28,Masculino,63145,100,5,50,Alimentos,18334,NA,NA,NA,NA
596,46,Masculino,110463,100,5,50,Hogar,48382,NA,NA,NA,NA
597,50,Masculino,116190,100,7,50,Hogar,43147,NA,NA,NA,NA
598,56,Masculino,136588,100,7,50,Electrónica,82833,NA,NA,NA,NA
599,41,Masculino,107075,90,6,50,Ropa,45758,NA,NA,NA,NA
600,52,Masculino,107900,100,6,50,Deportes,47924,NA,NA,NA,NA
601,53,Femenino,128439,100,9,50,Alimentos,37779,NA,NA,NA,NA
602,20,Masculino,46677,100,5,39,Electrónica,60723,NA,NA,NA,NA
603,33,Femenino,97270,92,5,50,Ropa,33781,NA,NA,NA,NA
604,47,Masculino,110352,100,3,50,Hogar,44176,NA,NA,NA,NA
605,18,Femenino,38445,65,5,28,Electrónica,60944,NA,NA,NA,NA
606,39,Masculino,105670,100,5,50,Hogar,42487,NA,NA,NA,NA
607,30,Masculino,86741,90,5,50,Hogar,29247,NA,NA,NA,NA
608,41,Masculino,108933,100,4,50,Hogar,50016,NA,NA,NA,NA
609,53,Masculino,110130,100,5,50,Electrónica,64240,NA,NA,NA,NA
610,23,Femenino,64142,98,4,47,Hogar,28147,NA,NA,NA,NA
611,42,Femenino,96066,100,5,50,Hogar,39556,NA,NA,NA,NA
612,33,Femenino,87917,100,7,50,Electrónica,82870,NA,NA,NA,NA
613,60,Masculino,121061,100,5,50,Hogar,41865,NA,NA,NA,NA
614,64,Femenino,140192,100,5,50,Ropa,39717,NA,NA,NA,NA
615,69,Masculino,134041,90,6,50,Electrónica,75059,NA,NA,NA,NA
616,43,Masculino,97256,100,5,50,Alimentos,32768,NA,NA,NA,NA
617,29,Masculino,83724,100,9,50,Ropa,15248,NA,NA,NA,NA
618,53,Masculino,127475,92,2,50,Deportes,28332,NA,NA,NA,NA
619,29,Masculino,71774,100,4,50,Alimentos,33208,NA,NA,NA,NA
620,53,Masculino,138361,100,5,50,Deportes,45079,NA,NA,NA,NA
621,20,Masculino,47909,59,3,26,Electrónica,54865,NA,NA,NA,NA
622,33,Masculino,87589,100,6,50,Deportes,29561,NA,NA,NA,NA
623,30,Femenino,80795,95,4,50,Ropa,29709,NA,NA,NA,NA
624,59,Masculino,127223,100,10,50,Ropa,52214,NA,NA,NA,NA
625,41,Masculino,109140,100,5,50,Hogar,54862,NA,NA,NA,NA
626,19,Masculino,43999,100,7,41,Alimentos,15896,NA,NA,NA,NA
627,27,Femenino,66795,98,1,50,Electrónica,54125,NA,NA,NA,NA
628,39,Masculino,113064,97,5,50,Deportes,40430,NA,NA,NA,NA
629,65,Masculino,129135,100,8,50,Alimentos,26859,NA,NA,NA,NA
630,64,Femenino,114460,100,6,50,Hogar,37019,NA,NA,NA,NA
631,47,Femenino,128998,100,5,50,Alimentos,16394,NA,NA,NA,NA
632,29,Femenino,98744,100,3,50,Deportes,18555,NA,NA,NA,NA
633,43,Femenino,103653,100,6,50,Electrónica,65404,NA,NA,NA,NA
634,51,Masculino,104968,100,7,50,Electrónica,64748,NA,NA,NA,NA
635,23,Femenino,56506,88,3,44,Electrónica,61446,NA,NA,NA,NA
636,24,Femenino,59599,89,3,50,Ropa,14794,NA,NA,NA,NA
637,52,Masculino,122166,100,4,50,Hogar,22081,NA,NA,NA,NA
638,34,Femenino,78155,100,4,50,Hogar,26301,NA,NA,NA,NA
639,68,Masculino,145891,100,9,50,Alimentos,33433,NA,NA,NA,NA
640,57,Masculino,135221,95,6,50,Hogar,44957,NA,NA,NA,NA
641,59,Masculino,119350,88,4,50,Deportes,46053,NA,NA,NA,NA
642,34,Femenino,94468,100,6,50,Electrónica,65198,NA,NA,NA,NA
643,64,Femenino,150000,100,5,50,Deportes,49881,NA,NA,NA,NA
644,54,Masculino,128223,100,6,50,Deportes,39396,NA,NA,NA,NA
645,67,Masculino,136964,99,3,50,Alimentos,28314,NA,NA,NA,NA
646,62,Masculino,134597,96,7,50,Electrónica,74199,NA,NA,NA,NA
647,24,Masculino,69212,100,2,50,Electrónica,59068,NA,NA,NA,NA
648,43,Femenino,91724,100,5,50,Alimentos,14483,NA,NA,NA,NA
649,27,Masculino,73480,100,3,50,Deportes,24685,NA,NA,NA,NA
650,47,Masculino,112486,100,6,50,Alimentos,24129,NA,NA,NA,NA
651,27,Femenino,87130,100,2,50,Electrónica,57133,NA,NA,NA,NA
652,32,Masculino,83307,100,6,50,Electrónica,73778,NA,NA,NA,NA
653,41,Masculino,119911,100,7,50,Hogar,49538,NA,NA,NA,NA
654,48,Masculino,107741,100,3,50,Deportes,28516,NA,NA,NA,NA
655,45,Masculino,117785,100,5,50,Alimentos,27062,NA,NA,NA,NA
656,33,Masculino,90175,100,5,50,Ropa,31883,NA,NA,NA,NA
657,27,Masculino,64179,100,5,50,Electrónica,55208,NA,NA,NA,NA
658,61,Masculino,136497,100,3,50,Ropa,41993,NA,NA,NA,NA
659,35,Masculino,102913,100,8,50,Ropa,34156,NA,NA,NA,NA
660,54,Femenino,122261,100,6,50,Deportes,31495,NA,NA,NA,NA
661,69,Femenino,124572,100,9,50,Deportes,30301,NA,NA,NA,NA
662,66,Masculino,139117,100,8,50,Hogar,49613,NA,NA,NA,NA
663,30,Femenino,70253,97,3,50,Alimentos,16696,NA,NA,NA,NA
664,56,Masculino,126194,100,8,50,Alimentos,26184,NA,NA,NA,NA
665,37,Masculino,95766,100,6,50,Hogar,57446,NA,NA,NA,NA
666,31,Masculino,67049,92,6,50,Deportes,31164,NA,NA,NA,NA
667,29,Femenino,61259,100,6,50,Ropa,35716,NA,NA,NA,NA
668,27,Femenino,74839,95,5,50,Deportes,31386,NA,NA,NA,NA
669,52,Masculino,119171,93,7,50,Ropa,54344,NA,NA,NA,NA
670,55,Masculino,104917,100,6,50,Hogar,36471,NA,NA,NA,NA
671,34,Masculino,96739,100,3,50,Hogar,19108,NA,NA,NA,NA
672,30,Masculino,82326,100,3,50,Hogar,30479,NA,NA,NA,NA
673,47,Femenino,108075,100,3,50,Ropa,38640,NA,NA,NA,NA
674,32,Masculino,73024,87,5,50,Electrónica,64447,NA,NA,NA,NA
675,64,Femenino,143697,97,7,50,Hogar,54142,NA,NA,NA,NA
676,64,Femenino,139319,100,5,50,Alimentos,40418,NA,NA,NA,NA
677,51,Femenino,142343,100,8,50,Alimentos,37566,NA,NA,NA,NA
678,63,Masculino,140582,100,6,50,Hogar,56064,NA,NA,NA,NA
679,46,Femenino,116264,100,7,50,Deportes,31105,NA,NA,NA,NA
680,36,Masculino,92773,100,5,50,Ropa,25421,NA,NA,NA,NA
681,49,Masculino,126651,100,5,50,Electrónica,87454,NA,NA,NA,NA
682,61,Masculino,140526,100,6,50,Electrónica,81165,NA,NA,NA,NA
683,27,Femenino,81766,100,6,50,Hogar,32105,NA,NA,NA,NA
684,42,Masculino,102183,100,9,50,Ropa,34980,NA,NA,NA,NA
685,37,Masculino,92581,98,6,50,Hogar,34499,NA,NA,NA,NA
686,30,Masculino,75563,100,3,50,Ropa,22028,NA,NA,NA,NA
687,59,Masculino,139917,92,4,50,Hogar,39332,NA,NA,NA,NA
688,30,Masculino,93360,100,4,50,Deportes,18726,NA,NA,NA,NA
689,69,Masculino,137170,100,7,50,Ropa,44294,NA,NA,NA,NA
690,39,Femenino,95477,100,5,50,Ropa,29582,NA,NA,NA,NA
691,53,Masculino,128127,100,7,50,Alimentos,38257,NA,NA,NA,NA
692,23,Masculino,58588,68,2,34,Electrónica,63801,NA,NA,NA,NA
693,28,Femenino,81743,78,1,50,Alimentos,15320,NA,NA,NA,NA
694,64,Masculino,117409,91,4,50,Deportes,29753,NA,NA,NA,NA
695,45,Masculino,105060,100,5,50,Electrónica,70167,NA,NA,NA,NA
696,61,Masculino,127858,100,9,50,Alimentos,34969,NA,NA,NA,NA
697,36,Femenino,71892,99,5,50,Deportes,30131,NA,NA,NA,NA
698,33,Masculino,78627,100,7,50,Electrónica,66063,NA,NA,NA,NA
699,55,Masculino,119764,89,2,50,Ropa,44069,NA,NA,NA,NA
700,31,Masculino,80590,92,4,50,Electrónica,64244,NA,NA,NA,NA
701,31,Masculino,92417,100,5,50,Alimentos,25554,NA,NA,NA,NA
702,26,Femenino,65569,97,5,50,Electrónica,58183,NA,NA,NA,NA
703,26,Femenino,58498,88,3,47,Hogar,16140,NA,NA,NA,NA
704,52,Femenino,121862,89,1,50,Deportes,34893,NA,NA,NA,NA
705,42,Masculino,116318,100,7,50,Ropa,45772,NA,NA,NA,NA
706,29,Femenino,67016,100,5,50,Ropa,30984,NA,NA,NA,NA
707,47,Femenino,106305,100,5,50,Deportes,36266,NA,NA,NA,NA
708,68,Masculino,145702,100,9,50,Ropa,47251,NA,NA,NA,NA
709,44,Femenino,107181,100,8,50,Ropa,33872,NA,NA,NA,NA
710,43,Femenino,113127,100,5,50,Electrónica,76797,NA,NA,NA,NA
711,43,Masculino,108677,100,4,50,Deportes,35861,NA,NA,NA,NA
712,18,Masculino,51990,72,1,33,Hogar,25552,NA,NA,NA,NA
713,19,Femenino,37984,51,5,22,Electrónica,71210,NA,NA,NA,NA
714,30,Masculino,79766,100,2,50,Deportes,17812,NA,NA,NA,NA
715,43,Masculino,106904,100,7,50,Electrónica,69369,NA,NA,NA,NA
716,48,Femenino,105232,100,8,50,Deportes,47510,NA,NA,NA,NA
717,47,Masculino,101929,100,7,50,Ropa,43349,NA,NA,NA,NA
718,57,Femenino,135172,100,4,50,Hogar,44678,NA,NA,NA,NA
719,21,Femenino,50241,100,6,47,Deportes,23874,NA,NA,NA,NA
720,69,Masculino,132099,100,5,50,Electrónica,78536,NA,NA,NA,NA
721,27,Masculino,71134,100,8,50,Alimentos,1040,NA,NA,NA,NA
722,45,Masculino,122652,100,1,50,Hogar,34858,NA,NA,NA,NA
723,20,Masculino,31348,15,1,2,Alimentos,15508,NA,NA,NA,NA
724,21,Masculino,41430,77,5,30,Deportes,21368,NA,NA,NA,NA
725,48,Femenino,107869,100,8,50,Ropa,41413,NA,NA,NA,NA
726,40,Masculino,116026,100,7,50,Hogar,53532,NA,NA,NA,NA
727,18,Masculino,48218,60,3,27,Hogar,30130,NA,NA,NA,NA
728,28,Otro,80081,100,3,50,Alimentos,7663,NA,NA,NA,NA
729,50,Masculino,110614,100,7,50,Deportes,38611,NA,NA,NA,NA
730,19,Masculino,38724,51,5,20,Hogar,31934,NA,NA,NA,NA
731,53,Femenino,127830,100,6,50,Alimentos,28343,NA,NA,NA,NA
732,29,Otro,76324,100,2,50,Electrónica,59130,NA,NA,NA,NA
733,49,Masculino,124239,100,7,50,Electrónica,93274,NA,NA,NA,NA
734,23,Otro,57611,69,2,36,Electrónica,45232,NA,NA,NA,NA
735,38,Otro,99678,100,5,50,Ropa,32015,NA,NA,NA,NA
736,52,Femenino,123798,100,10,50,Ropa,45450,NA,NA,NA,NA
737,28,Masculino,81675,95,2,50,Ropa,21978,NA,NA,NA,NA
738,18,Femenino,51438,83,3,32,Electrónica,67946,NA,NA,NA,NA
739,61,Masculino,120321,97,4,50,Electrónica,79341,NA,NA,NA,NA
740,62,Femenino,114150,100,6,50,Electrónica,73844,NA,NA,NA,NA
741,50,Femenino,128391,88,4,50,Electrónica,73675,NA,NA,NA,NA
742,45,Otro,121690,100,8,50,Hogar,47190,NA,NA,NA,NA
743,64,Masculino,128489,93,7,50,Deportes,39859,NA,NA,NA,NA
744,56,Masculino,112536,100,7,50,Electrónica,74246,NA,NA,NA,NA
745,30,Femenino,79266,100,7,50,Alimentos,17557,NA,NA,NA,NA
746,60,Masculino,142253,100,8,50,Electrónica,84637,NA,NA,NA,NA
747,26,Masculino,85453,92,6,50,Alimentos,24618,NA,NA,NA,NA
748,57,Femenino,133647,100,6,50,Alimentos,22209,NA,NA,NA,NA
749,22,Masculino,54530,56,1,32,Hogar,23029,NA,NA,NA,NA
750,41,Otro,95362,100,8,50,Electrónica,59466,NA,NA,NA,NA
751,63,Masculino,136903,100,6,50,Alimentos,37661,NA,NA,NA,NA
752,31,Masculino,79707,93,2,50,Hogar,33730,NA,NA,NA,NA
753,28,Otro,64039,67,1,35,Electrónica,65284,NA,NA,NA,NA
754,52,Masculino,142314,100,6,50,Alimentos,22878,NA,NA,NA,NA
755,61,Masculino,150000,100,9,50,Ropa,63209,NA,NA,NA,NA
756,30,Femenino,88599,100,8,50,Electrónica,65833,NA,NA,NA,NA
757,19,Femenino,39012,56,4,26,Hogar,32666,NA,NA,NA,NA
758,35,Masculino,99695,100,8,50,Hogar,48718,NA,NA,NA,NA
759,64,Otro,141932,100,3,50,Hogar,40884,NA,NA,NA,NA
760,27,Masculino,75983,88,5,50,Deportes,22267,NA,NA,NA,NA
761,47,Masculino,127247,95,2,50,Hogar,44551,NA,NA,NA,NA
762,57,Masculino,136218,100,7,50,Deportes,62435,NA,NA,NA,NA
763,63,Masculino,143460,100,4,50,Hogar,51265,NA,NA,NA,NA
764,61,Femenino,139132,100,4,50,Deportes,51371,NA,NA,NA,NA
765,40,Otro,104442,99,2,50,Electrónica,76307,NA,NA,NA,NA
766,41,Otro,87347,100,3,50,Ropa,32373,NA,NA,NA,NA
767,45,Masculino,113253,100,4,50,Ropa,30041,NA,NA,NA,NA
768,33,Masculino,82294,100,4,50,Alimentos,24012,NA,NA,NA,NA
769,19,Masculino,37281,50,2,19,Deportes,12690,NA,NA,NA,NA
770,61,Masculino,150000,100,10,50,Alimentos,49920,NA,NA,NA,NA
771,55,Masculino,143561,100,8,50,Ropa,49581,NA,NA,NA,NA
772,26,Femenino,80008,95,6,50,Ropa,12498,NA,NA,NA,NA
773,51,Femenino,123197,100,5,50,Alimentos,24949,NA,NA,NA,NA
774,52,Masculino,136031,100,8,50,Hogar,55966,NA,NA,NA,NA
775,24,Masculino,63783,100,6,50,Deportes,22527,NA,NA,NA,NA
776,31,Femenino,82725,92,3,50,Alimentos,20701,NA,NA,NA,NA
777,19,Masculino,38959,33,2,20,Deportes,17326,NA,NA,NA,NA
778,46,Femenino,116348,100,7,50,Deportes,28560,NA,NA,NA,NA
779,56,Masculino,129818,100,3,50,Electrónica,74409,NA,NA,NA,NA
780,65,Masculino,126776,98,10,50,Deportes,43406,NA,NA,NA,NA
781,53,Masculino,124839,100,5,50,Hogar,43285,NA,NA,NA,NA
782,22,Masculino,57157,80,6,45,Electrónica,70700,NA,NA,NA,NA
783,39,Masculino,116978,90,2,50,Ropa,29900,NA,NA,NA,NA
784,47,Masculino,124048,100,4,50,Alimentos,28727,NA,NA,NA,NA
785,45,Femenino,111103,100,9,50,Electrónica,76929,NA,NA,NA,NA
786,30,Masculino,82114,89,3,50,Deportes,14654,NA,NA,NA,NA
787,57,Masculino,130898,100,10,50,Alimentos,24933,NA,NA,NA,NA
788,33,Masculino,85474,100,4,50,Hogar,35434,NA,NA,NA,NA
789,25,Femenino,55258,100,4,41,Ropa,39725,NA,NA,NA,NA
790,61,Masculino,133541,100,5,50,Deportes,43850,NA,NA,NA,NA
791,59,Femenino,124585,100,5,50,Hogar,33584,NA,NA,NA,NA
792,18,Masculino,34422,64,5,20,Deportes,3422,NA,NA,NA,NA
793,63,Femenino,139901,100,5,50,Hogar,54441,NA,NA,NA,NA
794,50,Masculino,124396,100,4,50,Electrónica,73945,NA,NA,NA,NA
795,33,Femenino,69720,85,2,50,Electrónica,67589,NA,NA,NA,NA
796,47,Masculino,114896,100,6,50,Hogar,38191,NA,NA,NA,NA
797,47,Masculino,124961,87,4,50,Hogar,47204,NA,NA,NA,NA
798,68,Masculino,150000,95,5,50,Deportes,49637,NA,NA,NA,NA
799,25,Masculino,75733,100,1,50,Ropa,21899,NA,NA,NA,NA
800,35,Masculino,92350,100,3,50,Deportes,25005,NA,NA,NA,NA
801,61,Masculino,127295,100,8,50,Deportes,41485,NA,NA,NA,NA
802,51,Masculino,112647,99,5,50,Alimentos,28619,NA,NA,NA,NA
803,64,Masculino,140776,100,5,50,Alimentos,31418,NA,NA,NA,NA
804,59,Femenino,134714,100,6,50,Alimentos,37893,NA,NA,NA,NA
805,51,Femenino,132486,100,7,50,Deportes,38311,NA,NA,NA,NA
806,49,Masculino,129200,82,6,50,Alimentos,20463,NA,NA,NA,NA
807,24,Masculino,62485,91,2,50,Ropa,36716,NA,NA,NA,NA
808,33,Masculino,76102,100,2,50,Alimentos,8887,NA,NA,NA,NA
809,46,Masculino,111403,100,7,50,Electrónica,70545,NA,NA,NA,NA
810,35,Masculino,93955,100,7,50,Electrónica,69910,NA,NA,NA,NA
811,27,Femenino,68681,100,2,50,Hogar,29823,NA,NA,NA,NA
812,53,Masculino,120099,100,4,50,Hogar,40888,NA,NA,NA,NA
813,19,Masculino,51076,86,6,41,Deportes,23739,NA,NA,NA,NA
814,56,Masculino,124739,100,9,50,Hogar,49421,NA,NA,NA,NA
815,53,Femenino,118147,100,8,50,Hogar,48354,NA,NA,NA,NA
816,50,Masculino,123678,100,7,50,Alimentos,12945,NA,NA,NA,NA
817,37,Femenino,91382,100,4,50,Alimentos,31924,NA,NA,NA,NA
818,69,Masculino,143497,100,7,50,Hogar,51135,NA,NA,NA,NA
819,46,Masculino,116734,100,8,50,Hogar,50858,NA,NA,NA,NA
820,52,Masculino,113620,100,8,50,Deportes,28406,NA,NA,NA,NA
821,41,Masculino,100569,100,1,50,Alimentos,14648,NA,NA,NA,NA
822,26,Femenino,80715,100,6,50,Alimentos,13512,NA,NA,NA,NA
823,69,Masculino,130841,100,9,50,Deportes,53441,NA,NA,NA,NA
824,38,Femenino,78125,100,5,50,Hogar,30500,NA,NA,NA,NA
825,30,Femenino,61618,75,1,40,Electrónica,64978,NA,NA,NA,NA
826,48,Masculino,117937,100,8,50,Alimentos,24527,NA,NA,NA,NA
827,62,Masculino,136153,100,8,50,Deportes,40249,NA,NA,NA,NA
828,34,Masculino,88617,100,7,50,Electrónica,67380,NA,NA,NA,NA
829,37,Masculino,107428,100,5,50,Hogar,50565,NA,NA,NA,NA
830,28,Masculino,50619,89,4,48,Hogar,14423,NA,NA,NA,NA
831,43,Femenino,110863,94,4,50,Hogar,32186,NA,NA,NA,NA
832,69,Masculino,150000,100,5,50,Hogar,38083,NA,NA,NA,NA
833,43,Femenino,97150,100,5,50,Deportes,23518,NA,NA,NA,NA
834,38,Masculino,95257,100,7,50,Ropa,29999,NA,NA,NA,NA
835,41,Femenino,96624,100,4,50,Alimentos,8704,NA,NA,NA,NA
836,30,Masculino,71826,100,3,50,Hogar,25962,NA,NA,NA,NA
837,69,Femenino,136864,100,8,50,Alimentos,19484,NA,NA,NA,NA
838,57,Masculino,143347,100,5,50,Electrónica,73004,NA,NA,NA,NA
839,43,Masculino,125336,100,7,50,Deportes,48245,NA,NA,NA,NA
840,58,Femenino,127152,100,6,50,Alimentos,32099,NA,NA,NA,NA
841,40,Masculino,120021,92,5,50,Ropa,40889,NA,NA,NA,NA
842,33,Femenino,86120,100,5,50,Deportes,21485,NA,NA,NA,NA
843,50,Masculino,136658,100,5,50,Hogar,37785,NA,NA,NA,NA
844,43,Masculino,107960,100,6,50,Hogar,34731,NA,NA,NA,NA
845,45,Femenino,112180,100,4,50,Electrónica,71407,NA,NA,NA,NA
846,60,Masculino,137164,85,6,50,Electrónica,85735,NA,NA,NA,NA
847,22,Masculino,86485,96,1,50,Alimentos,20908,NA,NA,NA,NA
848,60,Masculino,141537,100,3,50,Ropa,47114,NA,NA,NA,NA
849,56,Femenino,121410,100,7,50,Deportes,33744,NA,NA,NA,NA
850,48,Femenino,124896,96,4,50,Ropa,39909,NA,NA,NA,NA
851,51,Masculino,119144,100,5,50,Alimentos,24118,NA,NA,NA,NA
852,64,Femenino,131767,99,5,50,Alimentos,27965,NA,NA,NA,NA
853,22,Masculino,66052,84,1,50,Ropa,36987,NA,NA,NA,NA
854,27,Femenino,70780,100,5,50,Alimentos,2518,NA,NA,NA,NA
855,18,Masculino,48182,53,2,25,Deportes,22329,NA,NA,NA,NA
856,45,Masculino,112626,83,3,50,Alimentos,31298,NA,NA,NA,NA
857,19,Femenino,50329,82,6,42,Hogar,21122,NA,NA,NA,NA
858,67,Masculino,143825,100,8,50,Ropa,43738,NA,NA,NA,NA
859,22,Masculino,40442,68,7,30,Electrónica,59926,NA,NA,NA,NA
860,22,Masculino,63874,94,3,44,Electrónica,59445,NA,NA,NA,NA
861,21,Masculino,46062,44,4,25,Hogar,22295,NA,NA,NA,NA
862,20,Masculino,38894,59,3,24,Ropa,30227,NA,NA,NA,NA
863,42,Masculino,106349,100,9,50,Alimentos,31985,NA,NA,NA,NA
864,41,Masculino,105656,100,9,50,Electrónica,78715,NA,NA,NA,NA
865,57,Masculino,124258,87,4,50,Alimentos,20493,NA,NA,NA,NA
866,22,Masculino,65354,71,2,41,Electrónica,61866,NA,NA,NA,NA
867,68,Masculino,128595,100,7,50,Deportes,34322,NA,NA,NA,NA
868,51,Masculino,118738,100,4,50,Ropa,35943,NA,NA,NA,NA
869,49,Femenino,112536,100,5,50,Hogar,57869,NA,NA,NA,NA
870,57,Masculino,130081,100,7,50,Hogar,49642,NA,NA,NA,NA
871,57,Femenino,131510,100,10,50,Hogar,43999,NA,NA,NA,NA
872,63,Masculino,127729,100,8,50,Deportes,42674,NA,NA,NA,NA
873,42,Femenino,111894,94,2,50,Ropa,25179,NA,NA,NA,NA
874,35,Masculino,92567,85,1,50,Alimentos,7647,NA,NA,NA,NA
875,25,Femenino,47972,69,5,37,Hogar,24034,NA,NA,NA,NA
876,60,Masculino,116248,100,6,50,Deportes,33568,NA,NA,NA,NA
877,51,Femenino,120789,95,5,50,Hogar,51318,NA,NA,NA,NA
878,45,Femenino,109011,100,7,50,Hogar,48004,NA,NA,NA,NA
879,51,Masculino,121469,93,5,50,Deportes,40582,NA,NA,NA,NA
880,59,Masculino,132548,100,3,50,Alimentos,19867,NA,NA,NA,NA
881,47,Femenino,116530,100,5,50,Alimentos,21956,NA,NA,NA,NA
882,61,Masculino,143429,100,9,50,Ropa,51054,NA,NA,NA,NA
883,62,Masculino,125875,100,4,50,Hogar,40572,NA,NA,NA,NA
884,50,Femenino,108827,100,6,50,Ropa,35963,NA,NA,NA,NA
885,58,Masculino,121835,100,6,50,Electrónica,79098,NA,NA,NA,NA
886,26,Masculino,71875,100,5,50,Deportes,22672,NA,NA,NA,NA
887,60,Masculino,145080,92,3,50,Alimentos,32125,NA,NA,NA,NA
888,29,Masculino,73418,97,3,50,Alimentos,24630,NA,NA,NA,NA
889,33,Masculino,64785,97,3,49,Deportes,20522,NA,NA,NA,NA
890,60,Masculino,118539,100,6,50,Ropa,48479,NA,NA,NA,NA
891,22,Masculino,50378,75,6,39,Deportes,28210,NA,NA,NA,NA
892,66,Masculino,134255,90,4,50,Deportes,28695,NA,NA,NA,NA
893,24,Femenino,58500,57,2,40,Hogar,22214,NA,NA,NA,NA
894,63,Masculino,137147,98,6,50,Deportes,35819,NA,NA,NA,NA
895,27,Masculino,69194,100,4,50,Hogar,25491,NA,NA,NA,NA
896,53,Masculino,134744,86,3,50,Deportes,37450,NA,NA,NA,NA
897,32,Masculino,78791,92,5,50,Electrónica,69062,NA,NA,NA,NA
898,64,Masculino,129914,100,6,50,Hogar,56718,NA,NA,NA,NA
899,48,Masculino,121985,95,3,50,Electrónica,75201,NA,NA,NA,NA
900,52,Femenino,108554,100,7,50,Hogar,40726,NA,NA,NA,NA
901,57,Femenino,132507,100,7,50,Hogar,34974,NA,NA,NA,NA
902,55,Femenino,127423,100,6,50,Hogar,47833,NA,NA,NA,NA
903,33,Otro,84473,93,6,50,Deportes,29293,NA,NA,NA,NA
904,64,Femenino,150000,100,5,50,Alimentos,34995,NA,NA,NA,NA
905,64,Masculino,132075,96,8,50,Deportes,57190,NA,NA,NA,NA
906,25,Masculino,85043,100,2,50,Electrónica,71933,NA,NA,NA,NA
907,62,Otro,132346,88,4,50,Hogar,52006,NA,NA,NA,NA
908,59,Otro,119807,100,8,50,Deportes,32791,NA,NA,NA,NA
909,27,Femenino,71129,96,5,50,Alimentos,11345,NA,NA,NA,NA
910,55,Otro,116814,91,5,50,Alimentos,25149,NA,NA,NA,NA
911,66,Femenino,131009,100,5,50,Electrónica,71765,NA,NA,NA,NA
912,54,Masculino,130248,100,8,50,Ropa,48515,NA,NA,NA,NA
913,38,Masculino,103675,100,8,50,Electrónica,76183,NA,NA,NA,NA
914,55,Masculino,122400,93,5,50,Electrónica,67525,NA,NA,NA,NA
915,18,Otro,53062,72,5,44,Deportes,30812,NA,NA,NA,NA
916,26,Masculino,79693,95,1,50,Alimentos,13691,NA,NA,NA,NA
917,49,Otro,130727,100,4,50,Electrónica,64022,NA,NA,NA,NA
918,36,Femenino,97540,100,6,50,Alimentos,21864,NA,NA,NA,NA
919,28,Otro,85446,100,4,50,Hogar,37313,NA,NA,NA,NA
920,60,Otro,115448,100,6,50,Electrónica,81297,NA,NA,NA,NA
921,66,Masculino,136414,100,7,50,Hogar,48117,NA,NA,NA,NA
922,58,Masculino,123872,100,6,50,Ropa,47289,NA,NA,NA,NA
923,68,Masculino,141748,93,4,50,Deportes,42060,NA,NA,NA,NA
924,20,Masculino,46732,72,3,31,Alimentos,3621,NA,NA,NA,NA
925,53,Otro,122305,100,6,50,Hogar,36214,NA,NA,NA,NA
926,39,Femenino,116240,100,6,50,Alimentos,34534,NA,NA,NA,NA
927,46,Otro,111248,100,6,50,Hogar,51860,NA,NA,NA,NA
928,28,Masculino,78399,92,5,50,Ropa,31927,NA,NA,NA,NA
929,35,Masculino,89910,89,4,50,Electrónica,76877,NA,NA,NA,NA
930,42,Otro,106056,100,8,50,Alimentos,33648,NA,NA,NA,NA
931,59,Masculino,132854,98,6,50,Hogar,53417,NA,NA,NA,NA
932,31,Otro,84935,100,6,50,Deportes,22843,NA,NA,NA,NA
933,18,Masculino,56163,78,1,38,Electrónica,71092,NA,NA,NA,NA
934,47,Masculino,130827,100,5,50,Alimentos,32903,NA,NA,NA,NA
935,48,Otro,118962,100,3,50,Ropa,34623,NA,NA,NA,NA
936,51,Masculino,127706,100,5,50,Hogar,41728,NA,NA,NA,NA
937,43,Femenino,96942,100,3,50,Hogar,38879,NA,NA,NA,NA
938,64,Femenino,135384,100,5,50,Ropa,31537,NA,NA,NA,NA
939,37,Masculino,104963,100,3,50,Hogar,43889,NA,NA,NA,NA
940,56,Femenino,135569,100,7,50,Hogar,43603,NA,NA,NA,NA
941,54,Masculino,128579,100,7,50,Ropa,46208,NA,NA,NA,NA
942,36,Masculino,102253,100,6,50,Deportes,29695,NA,NA,NA,NA
943,54,Femenino,129592,91,2,50,Electrónica,72004,NA,NA,NA,NA
944,47,Femenino,125303,100,3,50,Electrónica,68536,NA,NA,NA,NA
945,65,Masculino,141104,100,6,50,Ropa,44468,NA,NA,NA,NA
946,59,Masculino,129599,100,5,50,Alimentos,42083,NA,NA,NA,NA
947,60,Femenino,135398,100,8,50,Alimentos,42933,NA,NA,NA,NA
948,21,Femenino,30000,1,1,6,Deportes,26824,NA,NA,NA,NA
949,62,Femenino,137821,100,5,50,Deportes,40637,NA,NA,NA,NA
950,45,Femenino,78164,100,7,50,Alimentos,24520,NA,NA,NA,NA
951,41,Femenino,87889,100,8,50,Electrónica,77836,NA,NA,NA,NA
952,29,Femenino,79866,100,6,50,Alimentos,12207,NA,NA,NA,NA
953,51,Masculino,126698,100,6,50,Deportes,38624,NA,NA,NA,NA
954,44,Masculino,100213,100,4,50,Electrónica,56107,NA,NA,NA,NA
955,30,Masculino,73466,100,7,50,Deportes,35354,NA,NA,NA,NA
956,60,Femenino,144710,82,3,50,Alimentos,44910,NA,NA,NA,NA
957,60,Femenino,128019,100,10,50,Alimentos,34041,NA,NA,NA,NA
958,26,Femenino,87961,100,5,50,Ropa,17068,NA,NA,NA,NA
959,38,Femenino,97158,100,5,50,Alimentos,25395,NA,NA,NA,NA
960,61,Femenino,137072,100,8,50,Ropa,40308,NA,NA,NA,NA
961,23,Femenino,73852,100,2,50,Hogar,25940,NA,NA,NA,NA
962,60,Masculino,135054,100,8,50,Alimentos,37542,NA,NA,NA,NA
963,66,Femenino,128754,100,9,50,Alimentos,34438,NA,NA,NA,NA
964,26,Femenino,66787,89,2,47,Deportes,18385,NA,NA,NA,NA
965,49,Femenino,117480,100,7,50,Electrónica,71424,NA,NA,NA,NA
966,58,Femenino,117892,100,10,50,Hogar,49950,NA,NA,NA,NA
967,46,Femenino,110473,98,6,50,Deportes,32437,NA,NA,NA,NA
968,23,Femenino,52620,60,2,35,Alimentos,4264,NA,NA,NA,NA
969,61,Femenino,141719,100,8,50,Deportes,42415,NA,NA,NA,NA
970,68,Femenino,139487,100,7,50,Alimentos,35588,NA,NA,NA,NA
971,58,Femenino,127630,90,5,50,Hogar,45141,NA,NA,NA,NA
972,41,Masculino,103944,100,5,50,Ropa,25854,NA,NA,NA,NA
973,43,Masculino,110808,100,8,50,Alimentos,34306,NA,NA,NA,NA
974,48,Femenino,121726,100,8,50,Electrónica,58811,NA,NA,NA,NA
975,49,Femenino,108803,97,4,50,Hogar,37781,NA,NA,NA,NA
976,30,Masculino,70501,100,7,50,Electrónica,60445,NA,NA,NA,NA
977,37,Masculino,106442,100,2,50,Alimentos,21381,NA,NA,NA,NA
978,45,Femenino,107289,100,7,50,Deportes,39477,NA,NA,NA,NA
979,66,Femenino,125023,100,9,50,Deportes,49655,NA,NA,NA,NA
980,45,Femenino,114994,100,8,50,Ropa,36393,NA,NA,NA,NA
981,30,Masculino,84045,100,2,50,Hogar,37117,NA,NA,NA,NA
982,59,Femenino,117524,100,8,50,Alimentos,30353,NA,NA,NA,NA
983,68,Femenino,141240,100,8,50,Electrónica,70648,NA,NA,NA,NA
984,51,Femenino,127520,99,8,50,Electrónica,92666,NA,NA,NA,NA
985,35,Femenino,93869,94,3,50,Deportes,18278,NA,NA,NA,NA
986,66,Femenino,143463,100,9,50,Hogar,57094,NA,NA,NA,NA
987,22,Masculino,45237,72,6,37,Deportes,26400,NA,NA,NA,NA
988,26,Masculino,72254,100,3,50,Alimentos,15133,NA,NA,NA,NA
989,26,Masculino,66551,100,1,49,Hogar,24683,NA,NA,NA,NA
990,31,Femenino,76555,88,1,50,Electrónica,66018,NA,NA,NA,NA
991,21,Femenino,61235,100,3,50,Deportes,9657,NA,NA,NA,NA
992,53,Femenino,137113,98,6,50,Deportes,41185,NA,NA,NA,NA
993,22,Femenino,72524,100,5,50,Hogar,29320,NA,NA,NA,NA
994,29,Femenino,87633,99,5,50,Electrónica,62124,NA,NA,NA,NA
995,60,Masculino,132887,100,5,50,Ropa,45641,NA,NA,NA,NA
996,57,Masculino,133674,100,7,50,Ropa,52369,NA,NA,NA,NA
997,23,Femenino,66201,100,7,50,Alimentos,13359,NA,NA,NA,NA
998,23,Masculino,61891,99,3,50,Deportes,26201,NA,NA,NA,NA
999,22,Femenino,57552,92,4,47,Electrónica,59951,NA,NA,NA,NA
1000,36,Femenino,100189,96,6,50,Alimentos,16605,NA,NA,NA,NA
