id,edad_cliente,genero_cliente,ingresos,puntos,tiempo_membresia,num_compras,categoria_preferida,ultima_compra
1,38,Femenino,99342,90,3,24,Alimentos,"113,53"
2,21,Femenino,78852,60,2,42,Deportes,"41,93"
3,60,Femenino,126573,30,2,28,Ropa,"424,36"
4,40,Femenino,47099,74,9,5,Hogar,"991,93"
5,65,Femenino,140621,21,3,25,Electrónica,"347,08"
6,31,Femenino,57305,24,3,30,Hogar,"86,85"
7,19,Femenino,54319,68,5,43,Ropa,"191,72"
8,43,Masculino,108115,94,9,27,Alimentos,"734,56"
9,53,Masculino,34424,29,6,7,Deportes,"951,71"
10,55,Femenino,45839,55,7,2,Electrónica,"821,18"
11,23,Femenino,69659,16,7,24,Ropa,"434,97"
12,68,Femenino,30058,91,1,49,Alimentos,"889,94"
13,29,Femenino,87461,81,3,27,Hogar,"101,07"
14,64,Femenino,33018,46,4,3,Deportes,"221,35"
15,33,Masculino,112260,17,5,8,Hogar,"915,89"
16,53,Masculino,129284,17,6,26,Ropa,"225,4"
17,57,Masculino,102535,29,5,13,Ropa,"378,47"
18,22,Masculino,41849,22,1,31,Deportes,"844,08"
19,37,Masculino,95491,90,6,21,Hogar,"454,83"
20,31,Masculino,97103,70,3,17,Alimentos,"61,3"
21,19,Femenino,82519,13,4,4,Hogar,"742,39"
22,22,Masculino,49077,74,10,47,Hogar,"799,31"
23,36,Femenino,85473,68,1,16,Deportes,"806,55"
24,41,Femenino,81758,87,7,9,Ropa,"482,2"
25,69,Femenino,36140,78,5,39,Deportes,"508,86"
26,33,Femenino,141757,60,10,39,Alimentos,"83,27"
27,54,Masculino,35394,10,9,4,Alimentos,"124,29"
28,30,Femenino,50680,19,7,27,Deportes,"515,88"
29,18,Femenino,70721,78,7,1,Hogar,"191,9"
30,23,Masculino,104106,30,4,20,Electrónica,"950,56"
31,36,Femenino,76756,16,8,27,Ropa,"970,06"
32,60,Femenino,45733,69,2,18,Electrónica,"197,29"
33,29,Masculino,71951,2,6,47,Electrónica,"91,94"
34,44,Femenino,86593,89,4,37,Alimentos,"76,95"
35,45,Femenino,43138,54,10,48,Deportes,"639,22"
36,30,Femenino,73464,37,1,6,Ropa,"532,51"
37,47,Masculino,108074,78,4,38,Electrónica,"128,2"
38,48,Femenino,81794,89,7,50,Electrónica,"967,99"
39,31,Femenino,75392,43,4,29,Deportes,"88,44"
40,22,Masculino,107057,14,5,41,Hogar,"98,86"
41,23,Masculino,70723,31,1,48,Hogar,"713,33"
42,52,Masculino,115529,70,2,34,Ropa,"192,66"
43,35,Masculino,72179,6,6,45,Hogar,"165,18"
44,28,Femenino,62405,79,5,50,Hogar,"956,73"
45,50,Masculino,42404,45,4,31,Hogar,"753,6"
46,49,Femenino,94531,28,5,42,Ropa,"214,93"
47,56,Masculino,129005,40,6,8,Electrónica,"355,34"
48,48,Masculino,76317,94,9,3,Electrónica,"189,28"
49,19,Femenino,85309,65,5,10,Deportes,"28,55"
50,68,Femenino,146519,96,2,18,Alimentos,"673,79"
51,61,Femenino,61290,83,9,35,Ropa,"110,32"
52,24,Femenino,96082,83,4,36,Deportes,"589,35"
53,45,Femenino,134241,73,9,16,Alimentos,"893,44"
54,33,Femenino,45136,84,9,38,Hogar,"332,34"
55,56,Femenino,85476,55,2,41,Deportes,"774,5"
56,42,Femenino,73466,50,4,13,Deportes,"903,07"
57,63,Femenino,49607,7,9,20,Electrónica,"195,34"
58,49,Femenino,112198,48,5,24,Deportes,"843,87"
59,43,Femenino,81595,12,7,1,Electrónica,"806,26"
60,21,Femenino,139387,1,5,7,Ropa,"399,58"
61,23,Masculino,69133,14,6,7,Alimentos,"224,86"
62,30,Femenino,89149,87,10,36,Ropa,"174,41"
63,49,Femenino,79992,49,8,6,Deportes,"636,65"
64,50,Femenino,85111,31,1,19,Electrónica,"319,05"
65,27,Femenino,90557,36,2,2,Deportes,"494,55"
66,32,Masculino,100270,69,3,29,Hogar,"686,05"
67,36,Femenino,127346,75,5,7,Electrónica,"335,98"
68,43,Femenino,87807,52,9,41,Ropa,"95,08"
69,32,Masculino,135861,88,5,16,Electrónica,"103,33"
70,49,Femenino,40936,32,9,49,Deportes,"495,62"
71,23,Femenino,66376,60,1,18,Electrónica,"77,73"
72,58,Femenino,56120,30,3,50,Alimentos,"880,23"
73,31,Femenino,112452,21,1,5,Alimentos,"552,21"
74,38,Femenino,102944,63,8,9,Hogar,"92,69"
75,58,Femenino,143037,56,8,42,Alimentos,"57,57"
76,60,Femenino,131101,68,8,28,Hogar,"522,95"
77,49,Masculino,30708,4,1,36,Alimentos,990
78,32,Femenino,44048,20,7,10,Ropa,"41,55"
79,30,Otro,95501,27,3,14,Alimentos,"476,25"
80,68,Otro,45092,54,4,40,Electrónica,"738,6"
81,65,Otro,117157,90,9,39,Electrónica,"812,36"
82,36,Femenino,148542,60,1,17,Alimentos,"15,66"
83,36,Femenino,99427,94,8,15,Deportes,"265,04"
84,56,Masculino,58971,77,9,35,Electrónica,"13,16"
85,19,Masculino,101100,43,3,14,Ropa,"392,36"
86,31,Otro,61849,24,6,31,Hogar,"120,8"
87,59,Masculino,47990,3,10,48,Hogar,"755,92"
88,31,Masculino,55100,20,7,31,Deportes,"59,84"
89,18,Otro,105470,8,7,4,Ropa,"746,18"
90,45,Otro,63381,80,4,8,Hogar,"754,24"
91,32,Otro,92089,16,1,47,Hogar,"209,86"
92,39,Otro,104031,67,6,28,Hogar,"930,36"
93,65,Masculino,62792,83,8,11,Electrónica,"230,58"
94,46,Otro,113116,7,10,13,Ropa,"190,55"
95,30,Otro,75926,97,10,19,Deportes,"670,87"
96,23,Masculino,108480,46,10,21,Ropa,"377,31"
97,63,Otro,102834,31,7,20,Electrónica,"582,57"
98,49,Masculino,46695,99,9,26,Ropa,"674,7"
99,21,Otro,105024,45,3,32,Deportes,"795,84"
100,26,Femenino,59496,58,2,50,Ropa,"23,33"
101,40,Femenino,115569,1,2,5,Alimentos,"241,91"
102,18,Masculino,49346,70,7,38,Alimentos,"127,14"
103,19,Masculino,75430,50,7,32,Ropa,"532,51"
104,60,Femenino,142407,4,2,1,Deportes,"29,58"
105,20,Otro,34982,7,2,45,Ropa,"597,15"
106,55,Femenino,147187,37,7,27,Electrónica,"941,67"
107,19,Otro,37993,59,6,30,Deportes,"873,8"
108,65,Masculino,81753,72,9,21,Hogar,"633,63"
109,57,Femenino,81695,90,8,44,Electrónica,"179,8"
110,56,Femenino,40676,86,7,38,Hogar,"627,65"
111,37,Masculino,111242,33,5,34,Deportes,"756,32"
112,64,Masculino,87006,85,7,20,Ropa,"930,73"
113,58,Masculino,82856,33,7,20,Alimentos,"450,72"
114,32,Masculino,35514,4,5,36,Deportes,"415,44"
115,64,Masculino,87595,11,5,21,Electrónica,"69,78"
116,59,Masculino,125014,89,7,42,Hogar,"451,82"
117,62,Masculino,128322,44,4,31,Electrónica,"668,91"
118,62,Masculino,48693,36,9,44,Hogar,"755,67"
119,33,Masculino,113154,75,8,46,Alimentos,"895,58"
120,68,Femenino,78309,12,2,49,Ropa,"848,14"
121,47,Femenino,112072,50,5,21,Alimentos,"884,19"
122,43,Masculino,42855,66,6,23,Electrónica,"138,51"
123,26,Otro,55515,29,9,37,Deportes,"50,57"
124,30,Masculino,51454,94,8,17,Hogar,"553,35"
125,66,Otro,69362,58,1,23,Ropa,"960,08"
126,26,Femenino,69795,60,9,29,Electrónica,"389,37"
127,58,Masculino,32860,90,5,18,Deportes,"405,05"
128,40,Otro,81037,70,10,45,Electrónica,"370,75"
129,67,Otro,40385,64,1,17,Deportes,"957,06"
130,61,Femenino,131607,25,7,26,Ropa,"714,15"
131,51,Masculino,42337,70,9,28,Deportes,"914,97"
132,67,Femenino,116124,78,10,28,Hogar,"11,29"
133,25,Otro,94016,85,8,49,Alimentos,"764,28"
134,26,Masculino,62131,91,6,18,Deportes,"70,56"
135,29,Femenino,100290,85,8,29,Ropa,"480,87"
136,31,Masculino,145261,25,10,37,Deportes,"378,4"
137,48,Masculino,81763,49,6,46,Deportes,"179,25"
138,67,Femenino,120561,66,2,21,Ropa,"798,2"
139,18,Femenino,99638,33,8,23,Alimentos,"316,27"
140,18,Femenino,78097,84,3,26,Ropa,"453,34"
141,23,Otro,67237,85,9,40,Electrónica,"673,02"
142,37,Masculino,61695,13,5,45,Hogar,"18,49"
143,55,Otro,101084,73,9,24,Alimentos,"624,81"
144,41,Femenino,82613,49,3,10,Hogar,"421,24"
145,44,Otro,122987,29,10,25,Electrónica,"898,68"
146,58,Otro,90389,17,5,12,Electrónica,"855,21"
147,69,Masculino,90929,2,10,29,Electrónica,"518,7"
148,47,Femenino,104517,91,2,6,Hogar,"979,41"
149,34,Otro,79949,89,3,19,Alimentos,"273,34"
150,54,Masculino,100745,29,6,42,Ropa,"335,15"
151,55,Otro,138064,86,5,22,Electrónica,"368,75"
152,45,Femenino,79721,20,1,1,Hogar,"215,41"
153,43,Masculino,33030,61,8,40,Alimentos,"711,04"
154,30,Otro,78653,43,4,2,Electrónica,"933,73"
155,53,Otro,146312,58,2,32,Electrónica,"880,78"
156,24,Femenino,103766,77,4,25,Hogar,"663,21"
157,69,Femenino,51990,59,2,37,Ropa,"762,41"
158,61,Otro,46738,36,3,26,Alimentos,"393,6"
159,58,Otro,107818,70,5,24,Hogar,"722,18"
160,36,Otro,83511,28,5,49,Hogar,"367,97"
161,69,Femenino,117782,18,1,15,Deportes,"762,55"
162,64,Otro,122472,75,1,17,Deportes,"771,33"
163,45,Masculino,76259,72,5,41,Deportes,"228,88"
164,60,Otro,98771,37,8,42,Deportes,"520,37"
165,64,Otro,96494,10,4,47,Hogar,"184,45"
166,41,Femenino,48155,19,10,36,Alimentos,"566,65"
167,18,Otro,46707,61,10,16,Ropa,"18,6"
168,36,Otro,87275,82,9,2,Ropa,"14,52"
169,51,Femenino,58930,95,5,33,Deportes,"115,09"
170,37,Masculino,33987,60,8,39,Alimentos,"975,1"
171,21,Masculino,140801,13,3,43,Hogar,"82,88"
172,19,Masculino,98446,25,4,34,Alimentos,"696,59"
173,56,Femenino,111754,96,8,38,Hogar,"631,06"
174,47,Otro,66932,89,5,9,Hogar,"861,66"
175,33,Femenino,81766,86,1,16,Deportes,"160,11"
176,34,Masculino,79572,62,2,24,Deportes,"843,15"
177,65,Otro,123680,30,2,35,Electrónica,"218,74"
178,67,Femenino,130300,75,5,27,Electrónica,"94,32"
179,45,Femenino,102050,57,8,39,Alimentos,"263,93"
180,48,Masculino,121325,30,3,35,Hogar,"624,36"
181,49,Masculino,76202,83,3,6,Alimentos,"208,79"
182,40,Masculino,136323,36,6,25,Electrónica,"625,28"
183,43,Femenino,32512,95,4,49,Hogar,"223,39"
184,27,Masculino,63313,8,10,42,Alimentos,"35,01"
185,41,Femenino,104337,91,6,27,Hogar,"401,63"
186,40,Otro,124138,84,10,41,Alimentos,"426,62"
187,35,Masculino,137307,32,6,24,Electrónica,"111,27"
188,55,Masculino,77060,14,2,16,Deportes,"286,79"
189,45,Masculino,108335,62,1,35,Electrónica,"940,93"
190,41,Otro,59408,68,1,16,Electrónica,"504,16"
191,35,Masculino,100208,80,2,27,Electrónica,"23,73"
192,63,Otro,109506,48,10,50,Electrónica,"26,85"
193,69,Femenino,39509,10,6,27,Alimentos,"377,66"
194,69,Masculino,74519,95,10,42,Ropa,"931,51"
195,67,Otro,31806,79,8,13,Electrónica,"261,07"
196,48,Masculino,108550,5,6,35,Hogar,"410,05"
197,34,Femenino,56125,66,10,26,Hogar,"610,66"
198,39,Masculino,116566,76,9,21,Alimentos,"32,38"
199,45,Femenino,82014,30,10,15,Alimentos,"81,91"
200,63,Femenino,113240,47,9,22,Ropa,"279,96"
201,45,Masculino,111788,28,9,49,Alimentos,"628,43"
202,25,Masculino,30570,16,8,44,Deportes,"971,09"
203,66,Otro,106631,41,6,9,Hogar,"354,46"
204,49,Masculino,100258,53,6,27,Hogar,"436,43"
205,27,Masculino,132541,78,8,42,Electrónica,"825,01"
206,34,Masculino,97962,18,3,19,Electrónica,"947,73"
207,58,Masculino,48714,75,10,40,Deportes,"324,91"
208,59,Femenino,70050,62,3,10,Ropa,"49,53"
209,60,Femenino,124416,24,5,39,Hogar,"544,04"
210,47,Otro,93783,24,10,3,Electrónica,"406,56"
211,40,Femenino,83445,89,7,11,Ropa,"356,35"
212,18,Otro,54421,20,1,41,Hogar,"215,95"
213,47,Femenino,121498,29,9,28,Deportes,"706,37"
214,33,Masculino,84883,43,2,49,Hogar,"956,03"
215,69,Otro,127086,93,4,45,Electrónica,"339,9"
216,26,Otro,133538,27,5,46,Electrónica,"761,08"
217,46,Femenino,82034,19,2,45,Deportes,"635,93"
218,55,Femenino,147024,24,9,16,Electrónica,"169,79"
219,57,Masculino,33009,82,9,24,Ropa,"563,64"
220,69,Masculino,142216,90,7,29,Electrónica,"559,73"
221,62,Masculino,82623,51,8,37,Ropa,"155,14"
222,67,Otro,64134,3,2,26,Ropa,"868,18"
223,53,Femenino,146546,12,6,45,Deportes,"915,02"
224,51,Femenino,33665,12,2,2,Alimentos,"139,07"
225,54,Femenino,92156,18,7,14,Electrónica,"238,87"
226,19,Femenino,51355,48,8,28,Hogar,"278,21"
227,65,Masculino,89274,71,10,34,Electrónica,"840,45"
228,53,Masculino,57651,27,7,16,Hogar,"345,62"
229,19,Otro,52470,90,5,35,Alimentos,"515,99"
230,56,Masculino,31154,40,4,25,Electrónica,"197,54"
231,24,Femenino,147572,44,7,45,Electrónica,"204,27"
232,66,Masculino,144573,41,7,24,Alimentos,"66,6"
233,41,Femenino,88312,22,6,31,Alimentos,"212,53"
234,29,Femenino,96066,45,7,24,Deportes,"479,36"
235,19,Femenino,41542,21,1,22,Alimentos,"132,88"
236,42,Otro,66495,79,9,31,Deportes,"537,66"
237,62,Otro,52480,22,3,14,Electrónica,"821,42"
238,64,Otro,148368,19,4,23,Alimentos,"949,32"
239,64,Femenino,124599,41,9,41,Alimentos,"924,18"
240,44,Femenino,121975,33,6,27,Alimentos,"640,96"
241,41,Femenino,41748,50,8,5,Deportes,"35,16"
242,31,Femenino,125501,74,3,18,Electrónica,"947,76"
243,25,Otro,109583,6,4,30,Electrónica,"923,64"
244,47,Femenino,108356,84,6,19,Hogar,911
245,28,Otro,134414,19,5,15,Hogar,"922,01"
246,44,Masculino,83880,31,6,32,Electrónica,"464,42"
247,54,Otro,48896,28,9,25,Deportes,"244,79"
248,28,Otro,48383,57,8,35,Deportes,"17,97"
249,54,Femenino,134743,98,9,42,Deportes,"894,21"
250,47,Masculino,91491,52,5,10,Hogar,"21,43"
251,43,Masculino,89688,27,10,30,Electrónica,"223,64"
252,25,Otro,105185,70,2,37,Alimentos,"556,23"
253,49,Otro,129014,25,7,21,Alimentos,"271,52"
254,66,Otro,112847,98,9,44,Hogar,"827,44"
255,27,Otro,139589,69,8,22,Ropa,"150,58"
256,46,Otro,38785,55,9,22,Ropa,"486,25"
257,26,Masculino,134203,19,3,28,Deportes,"935,64"
258,37,Otro,86856,74,3,10,Electrónica,"624,29"
259,68,Masculino,49725,59,2,35,Alimentos,"12,36"
260,39,Femenino,56381,82,6,19,Deportes,"759,6"
261,39,Otro,117432,96,7,41,Deportes,"25,44"
262,60,Otro,45827,18,2,47,Electrónica,"599,66"
263,64,Otro,115366,68,9,28,Electrónica,"934,88"
264,57,Femenino,31451,75,3,8,Electrónica,"611,79"
265,63,Masculino,142287,77,10,44,Ropa,"785,29"
266,53,Femenino,84616,68,10,8,Hogar,"543,31"
267,57,Femenino,114972,42,9,12,Hogar,"999,74"
268,23,Femenino,101024,29,3,41,Alimentos,"484,85"
269,33,Femenino,118116,100,9,48,Deportes,"21,9"
270,28,Femenino,49020,75,9,49,Electrónica,"109,03"
271,69,Masculino,47458,14,2,10,Alimentos,"874,32"
272,52,Femenino,104033,6,5,15,Ropa,"192,31"
273,47,Femenino,84117,74,9,17,Hogar,"886,08"
274,60,Femenino,107232,68,4,48,Ropa,"730,8"
275,22,Femenino,128623,88,5,20,Ropa,"609,57"
276,39,Femenino,39931,43,1,28,Alimentos,"261,36"
277,53,Femenino,94392,38,5,11,Ropa,"997,24"
278,63,Masculino,48225,24,6,14,Ropa,"764,05"
279,47,Femenino,95656,63,2,30,Electrónica,"634,19"
280,53,Femenino,61826,96,1,14,Ropa,577
281,61,Femenino,47689,46,4,42,Hogar,"802,44"
282,34,Masculino,68250,9,10,26,Ropa,"835,06"
283,33,Masculino,113187,27,9,46,Electrónica,"886,3"
284,43,Masculino,77006,27,3,36,Electrónica,"223,98"
285,63,Femenino,121652,20,1,26,Deportes,"169,58"
286,51,Masculino,124670,66,2,43,Ropa,"184,8"
287,31,Masculino,119460,69,2,22,Ropa,"486,21"
288,56,Masculino,117922,69,2,41,Hogar,"98,83"
289,38,Masculino,84577,70,7,27,Deportes,"631,28"
290,43,Masculino,64136,61,1,19,Electrónica,"680,92"
291,45,Femenino,57845,32,6,41,Ropa,"934,34"
292,62,Femenino,38250,63,5,22,Hogar,"723,93"
293,45,Femenino,54819,72,3,47,Deportes,"553,44"
294,47,Femenino,89077,43,1,35,Ropa,"547,85"
295,18,Femenino,135713,79,7,18,Electrónica,"871,12"
296,56,Femenino,129611,23,3,48,Deportes,"98,85"
297,40,Masculino,97995,47,4,9,Deportes,"101,35"
298,39,Masculino,132488,40,5,37,Deportes,"82,16"
299,59,Masculino,36383,5,6,31,Alimentos,"82,77"
300,55,Femenino,144624,38,2,23,Alimentos,"652,26"
301,52,Femenino,106147,2,6,19,Alimentos,"412,65"
302,50,Femenino,130668,39,5,25,Hogar,"69,81"
303,59,Femenino,57745,33,7,42,Electrónica,"492,87"
304,50,Femenino,78296,93,9,47,Electrónica,"559,16"
305,32,Masculino,39407,50,6,13,Deportes,"844,22"
306,48,Masculino,39407,82,5,27,Deportes,"463,07"
307,26,Femenino,135530,81,2,12,Hogar,"126,35"
308,54,Femenino,76995,14,3,46,Electrónica,"685,09"
309,64,Femenino,96182,44,4,8,Alimentos,"509,31"
310,50,Masculino,100320,45,7,29,Deportes,"139,39"
311,53,Masculino,138922,45,5,22,Electrónica,"154,06"
312,30,Masculino,143200,38,8,30,Deportes,"684,43"
313,69,Femenino,35218,47,4,33,Electrónica,"315,49"
314,44,Masculino,141748,55,2,50,Alimentos,"897,57"
315,68,Femenino,62971,27,8,17,Electrónica,"85,45"
316,20,Femenino,57260,47,2,49,Electrónica,"506,7"
317,18,Femenino,92363,84,1,10,Electrónica,"539,74"
318,23,Femenino,84664,45,5,12,Electrónica,"592,72"
319,61,Masculino,47790,67,9,5,Hogar,"714,29"
320,34,Masculino,31668,43,5,40,Ropa,"117,01"
321,43,Femenino,78858,4,3,38,Deportes,"261,19"
322,46,Masculino,126553,16,2,22,Hogar,"85,56"
323,55,Masculino,80006,44,2,49,Ropa,"727,51"
324,30,Masculino,119162,15,9,38,Hogar,"937,85"
325,41,Masculino,71410,69,1,32,Hogar,"456,67"
326,59,Masculino,49020,100,2,42,Alimentos,"588,18"
327,50,Masculino,36022,11,6,49,Ropa,"801,59"
328,41,Femenino,64634,55,9,44,Alimentos,"488,07"
329,68,Masculino,76921,79,1,23,Alimentos,"122,02"
330,28,Masculino,51087,60,4,42,Alimentos,"68,31"
331,30,Masculino,90651,88,9,37,Alimentos,"555,41"
332,38,Masculino,50518,70,1,38,Deportes,"816,09"
333,21,Masculino,126598,14,3,1,Deportes,"505,98"
334,58,Masculino,99475,27,9,9,Alimentos,"249,39"
335,60,Masculino,145308,83,3,31,Alimentos,"53,26"
336,40,Masculino,107488,96,7,16,Alimentos,"843,6"
337,58,Masculino,60768,88,2,38,Alimentos,"67,52"
338,42,Masculino,115381,70,7,33,Hogar,"592,52"
339,28,Femenino,111697,92,9,50,Deportes,"205,58"
340,48,Masculino,30374,28,7,34,Alimentos,"463,78"
341,31,Masculino,35406,45,10,9,Electrónica,"637,02"
342,69,Femenino,71688,69,4,25,Ropa,"532,23"
343,32,Masculino,48445,91,8,27,Hogar,"265,17"
344,41,Masculino,136928,42,5,33,Hogar,"239,72"
345,33,Masculino,112118,27,10,9,Ropa,"535,28"
346,62,Femenino,114587,14,7,11,Electrónica,"26,72"
347,38,Femenino,42378,36,5,20,Deportes,"279,77"
348,39,Femenino,136141,58,6,30,Hogar,"211,56"
349,44,Masculino,32030,38,2,19,Deportes,"912,15"
350,56,Femenino,148694,44,7,13,Electrónica,"326,5"
351,68,Masculino,122661,16,4,48,Alimentos,"85,44"
352,47,Femenino,54571,57,4,2,Electrónica,"138,3"
353,61,Masculino,120516,100,10,47,Hogar,"475,52"
354,63,Masculino,37003,57,4,25,Deportes,"857,68"
355,38,Masculino,81837,68,5,6,Deportes,"349,35"
356,32,Masculino,94627,88,9,30,Ropa,"703,94"
357,49,Masculino,103191,34,5,41,Ropa,"253,63"
358,57,Masculino,137205,18,1,21,Electrónica,"862,12"
359,50,Masculino,85888,19,2,25,Alimentos,"910,52"
360,38,Masculino,40590,91,7,27,Electrónica,"617,64"
361,28,Femenino,130938,98,5,37,Electrónica,"612,09"
362,21,Masculino,107934,32,5,38,Hogar,"533,18"
363,26,Masculino,149741,51,4,37,Hogar,"685,36"
364,63,Masculino,145117,66,7,12,Deportes,"971,02"
365,21,Masculino,90000,42,4,23,Hogar,"278,15"
366,19,Masculino,105019,84,8,32,Ropa,"735,3"
367,65,Femenino,65576,91,5,12,Ropa,"782,55"
368,53,Femenino,130474,74,10,39,Hogar,"217,92"
369,63,Masculino,77411,20,2,37,Deportes,"648,38"
370,23,Femenino,30751,99,9,26,Electrónica,"696,9"
371,20,Masculino,87520,93,4,3,Alimentos,"459,87"
372,39,Femenino,53805,71,5,16,Deportes,"372,03"
373,30,Masculino,80320,91,1,31,Electrónica,"930,97"
374,64,Masculino,84380,69,10,28,Deportes,"212,08"
375,33,Femenino,58367,11,4,29,Alimentos,"826,87"
376,25,Femenino,56110,36,5,42,Electrónica,"389,97"
377,46,Masculino,123037,100,1,9,Hogar,"617,74"
378,45,Femenino,110174,87,5,32,Hogar,"388,15"
379,41,Femenino,30074,95,8,19,Ropa,"78,82"
380,59,Masculino,140349,75,2,6,Deportes,"383,64"
381,67,Femenino,104036,56,10,37,Deportes,"998,98"
382,68,Masculino,93926,45,5,22,Electrónica,"19,14"
383,65,Masculino,124796,4,5,38,Deportes,"247,96"
384,46,Masculino,120914,1,1,41,Hogar,"329,9"
385,38,Masculino,78829,73,7,20,Deportes,"665,25"
386,69,Masculino,105810,57,6,28,Alimentos,"985,94"
387,51,Femenino,105658,49,9,9,Electrónica,"785,55"
388,25,Femenino,100053,6,5,33,Electrónica,"832,57"
389,34,Masculino,118622,99,4,47,Deportes,"122,21"
390,37,Masculino,65343,89,3,2,Electrónica,"668,23"
391,67,Femenino,101759,57,3,19,Deportes,"670,51"
392,28,Masculino,59278,60,2,8,Hogar,"362,41"
393,55,Femenino,127542,79,8,12,Ropa,"632,6"
394,69,Femenino,74331,83,9,11,Ropa,"341,63"
395,69,Femenino,119075,40,8,44,Hogar,"866,72"
396,54,Masculino,87418,21,2,27,Alimentos,"846,76"
397,23,Masculino,37713,11,8,31,Electrónica,"481,24"
398,48,Masculino,36282,14,10,3,Deportes,"210,43"
399,19,Femenino,69790,3,9,38,Alimentos,"596,63"
400,41,Femenino,147962,90,2,9,Ropa,"688,61"
401,32,Masculino,86268,96,3,21,Electrónica,"643,36"
402,63,Masculino,149062,66,9,7,Ropa,"441,11"
403,40,Otro,127948,29,6,26,Alimentos,"144,78"
404,36,Masculino,30121,39,10,16,Alimentos,"233,08"
405,21,Masculino,42889,12,2,20,Hogar,"789,92"
406,29,Otro,141369,42,10,16,Hogar,"862,54"
407,24,Otro,119844,78,4,6,Alimentos,"572,31"
408,40,Otro,135305,54,8,29,Ropa,"831,6"
409,63,Femenino,70967,59,6,10,Hogar,"954,05"
410,20,Femenino,98213,12,5,37,Hogar,"902,24"
411,43,Femenino,89856,96,3,2,Ropa,"114,47"
412,61,Masculino,80988,34,8,14,Ropa,"937,86"
413,19,Femenino,105731,9,7,10,Hogar,"421,08"
414,69,Femenino,117737,6,4,9,Alimentos,"877,51"
415,57,Masculino,52164,53,3,36,Alimentos,"710,84"
416,38,Masculino,51327,62,5,24,Deportes,"645,43"
417,52,Masculino,101105,11,9,2,Hogar,"714,72"
418,51,Femenino,97565,48,10,31,Ropa,"656,9"
419,64,Masculino,71594,40,4,42,Ropa,"487,73"
420,46,Masculino,60671,57,5,48,Hogar,"817,69"
421,46,Femenino,90871,56,4,39,Ropa,"592,97"
422,56,Masculino,36843,46,7,12,Hogar,"22,15"
423,62,Femenino,96260,30,6,45,Electrónica,"159,13"
424,56,Masculino,134502,46,5,5,Alimentos,"394,49"
425,41,Masculino,67039,100,1,36,Electrónica,"178,68"
426,40,Masculino,142251,90,10,14,Electrónica,"866,52"
427,47,Femenino,49336,11,10,11,Deportes,"877,17"
428,54,Masculino,90780,24,3,46,Alimentos,"824,65"
429,20,Masculino,49308,29,6,19,Electrónica,"351,64"
430,64,Masculino,124369,74,2,3,Hogar,"275,4"
431,40,Masculino,99618,80,4,22,Alimentos,"15,04"
432,29,Femenino,133291,52,4,42,Ropa,"916,28"
433,44,Femenino,100832,90,8,39,Electrónica,769
434,57,Masculino,60668,66,6,28,Electrónica,"984,6"
435,32,Femenino,69782,76,1,9,Hogar,"803,28"
436,52,Masculino,136827,87,5,20,Deportes,"322,29"
437,48,Masculino,51565,44,5,20,Alimentos,"552,48"
438,47,Femenino,95033,25,3,35,Electrónica,"273,38"
439,63,Femenino,118402,74,3,12,Deportes,"828,04"
440,23,Femenino,130546,71,9,36,Deportes,"799,33"
441,46,Masculino,68970,50,9,46,Ropa,"392,35"
442,26,Femenino,84460,45,1,33,Ropa,"219,67"
443,47,Masculino,138199,79,10,43,Electrónica,"171,38"
444,62,Masculino,59481,30,4,35,Ropa,121
445,62,Femenino,75974,68,4,46,Alimentos,"180,09"
446,53,Masculino,56570,29,7,37,Electrónica,"432,65"
447,27,Masculino,68689,83,8,33,Alimentos,"782,58"
448,31,Femenino,46106,72,7,2,Deportes,"59,82"
449,50,Masculino,46524,1,4,7,Hogar,"371,62"
450,48,Masculino,60382,13,3,27,Electrónica,"694,59"
451,24,Masculino,147555,65,4,28,Alimentos,"434,84"
452,45,Femenino,93800,33,10,32,Deportes,"391,45"
453,30,Masculino,35565,83,8,17,Electrónica,"238,79"
454,27,Masculino,143992,31,2,32,Hogar,"994,1"
455,28,Masculino,126571,82,10,8,Electrónica,"26,12"
456,61,Masculino,57851,46,3,5,Ropa,"604,29"
457,30,Masculino,120083,47,1,49,Electrónica,"443,12"
458,62,Masculino,32827,69,8,2,Alimentos,"468,37"
459,30,Masculino,100399,96,2,5,Ropa,"705,64"
460,55,Femenino,105647,94,1,14,Deportes,"737,91"
461,41,Masculino,141605,100,4,20,Hogar,"693,02"
462,57,Femenino,46563,86,4,24,Electrónica,"800,46"
463,53,Masculino,37569,18,8,50,Ropa,"634,92"
464,65,Femenino,138529,87,10,14,Deportes,"461,61"
465,54,Femenino,40858,48,6,20,Ropa,"34,88"
466,69,Masculino,143640,14,8,2,Ropa,"387,39"
467,25,Masculino,99668,1,1,50,Alimentos,"937,86"
468,54,Masculino,32276,73,2,44,Ropa,"554,58"
469,32,Masculino,100736,84,10,32,Alimentos,"863,93"
470,53,Masculino,139508,92,6,39,Ropa,"172,99"
471,32,Masculino,38683,59,10,47,Alimentos,"846,85"
472,35,Masculino,42390,27,3,41,Electrónica,"781,31"
473,53,Femenino,104435,42,4,34,Hogar,"795,81"
474,54,Femenino,111261,56,1,44,Alimentos,"216,09"
475,36,Masculino,112674,12,7,35,Alimentos,"590,32"
476,38,Masculino,144083,23,1,28,Alimentos,"158,15"
477,42,Masculino,115342,19,4,47,Deportes,"13,69"
478,48,Masculino,143424,24,3,22,Hogar,"594,94"
479,58,Femenino,137836,19,9,21,Electrónica,"172,39"
480,19,Femenino,35529,62,4,24,Ropa,"177,69"
481,54,Masculino,105641,17,9,37,Deportes,"173,81"
482,65,Masculino,120542,52,3,36,Ropa,"70,22"
483,44,Femenino,43069,55,6,33,Alimentos,"501,34"
484,40,Masculino,61052,44,4,17,Alimentos,"135,19"
485,65,Masculino,39113,85,9,42,Hogar,"964,87"
486,66,Masculino,91672,71,5,9,Ropa,"10,4"
487,22,Femenino,104781,64,8,38,Hogar,"151,48"
488,47,Masculino,124597,67,9,8,Ropa,"885,33"
489,26,Femenino,96845,19,1,5,Hogar,"154,89"
490,19,Femenino,113254,38,5,35,Ropa,"633,5"
491,22,Femenino,46900,70,1,24,Alimentos,"325,46"
492,39,Masculino,84725,100,8,49,Deportes,"906,07"
493,51,Femenino,120616,71,1,16,Ropa,"542,03"
494,35,Masculino,141134,24,4,48,Deportes,"649,61"
495,59,Masculino,140809,45,5,45,Deportes,"917,5"
496,33,Femenino,65486,76,2,11,Deportes,"302,05"
497,56,Masculino,145254,48,6,43,Deportes,"422,32"
498,54,Femenino,43308,56,5,50,Electrónica,"667,92"
499,25,Masculino,33065,61,7,40,Alimentos,"317,98"
500,47,Masculino,69168,16,7,42,Ropa,"638,96"
501,42,Masculino,129999,73,5,2,Ropa,"942,97"
502,61,Femenino,41730,2,9,20,Electrónica,"177,64"
503,22,Masculino,75626,52,7,34,Electrónica,"154,67"
504,18,Masculino,142641,40,7,31,Electrónica,"240,64"
505,22,Masculino,53863,96,10,41,Electrónica,"491,64"
506,66,Masculino,149505,79,4,8,Deportes,"334,95"
507,58,Masculino,132215,91,8,6,Deportes,"275,71"
508,48,Masculino,72108,85,8,13,Deportes,"486,58"
509,68,Masculino,113760,64,2,37,Deportes,"462,62"
510,19,Masculino,111238,7,2,30,Deportes,"813,37"
511,24,Masculino,109039,71,9,41,Deportes,"606,18"
512,33,Masculino,132968,49,10,45,Deportes,"641,53"
513,19,Masculino,82506,10,5,41,Deportes,"406,32"
514,69,Femenino,58668,40,2,15,Hogar,"626,35"
515,28,Masculino,66961,8,10,22,Alimentos,"179,82"
516,32,Masculino,137280,95,6,3,Electrónica,"31,72"
517,18,Masculino,112021,9,3,11,Alimentos,"588,37"
518,45,Femenino,110280,85,4,21,Alimentos,"944,07"
519,45,Femenino,67753,64,4,48,Deportes,"926,69"
520,38,Masculino,54918,1,6,6,Electrónica,"979,26"
521,69,Masculino,78534,100,2,9,Hogar,"75,03"
522,29,Femenino,51471,96,3,13,Hogar,"668,21"
523,32,Femenino,58144,4,5,16,Electrónica,"923,37"
524,47,Masculino,100338,13,9,40,Electrónica,"48,65"
525,33,Femenino,90232,19,2,8,Ropa,"255,08"
526,52,Masculino,133701,64,1,34,Ropa,"534,25"
527,62,Femenino,117704,37,3,48,Deportes,"112,11"
528,23,Femenino,144577,75,1,9,Ropa,"826,02"
529,57,Masculino,139366,39,5,50,Deportes,"34,5"
530,27,Masculino,106944,63,1,28,Deportes,"36,39"
531,61,Masculino,92031,44,7,11,Deportes,"573,31"
532,19,Masculino,146165,38,9,45,Hogar,"819,92"
533,36,Masculino,113794,74,1,27,Deportes,"377,75"
534,28,Masculino,121073,44,3,16,Deportes,"482,35"
535,46,Masculino,61090,3,4,3,Deportes,"213,68"
536,62,Femenino,74474,49,2,18,Deportes,"933,65"
537,48,Femenino,57932,70,9,44,Hogar,"192,46"
538,39,Masculino,49970,53,5,24,Alimentos,"728,58"
539,27,Masculino,73823,11,8,23,Electrónica,"27,4"
540,36,Masculino,37595,88,8,49,Alimentos,"600,48"
541,33,Femenino,103063,16,3,4,Electrónica,"998,51"
542,69,Masculino,86860,70,1,1,Ropa,"812,25"
543,68,Femenino,40478,22,4,46,Alimentos,"954,91"
544,66,Femenino,126893,3,1,32,Ropa,"199,17"
545,23,Femenino,123168,80,4,19,Ropa,"860,95"
546,44,Masculino,112137,37,7,18,Alimentos,"769,16"
547,60,Masculino,108533,23,9,24,Electrónica,"506,98"
548,22,Femenino,93861,42,6,6,Hogar,"73,13"
549,39,Masculino,30004,32,6,48,Deportes,"863,47"
550,53,Masculino,47499,85,2,45,Deportes,"338,69"
551,50,Masculino,43965,83,3,17,Electrónica,"83,38"
552,20,Masculino,51199,100,5,5,Ropa,"889,83"
553,69,Masculino,51759,18,9,14,Deportes,"563,48"
554,61,Femenino,54256,78,3,3,Hogar,"886,44"
555,66,Masculino,53345,100,4,22,Deportes,"221,75"
556,25,Femenino,52403,53,1,14,Alimentos,"73,34"
557,45,Masculino,95367,83,5,30,Hogar,"845,33"
558,40,Masculino,62536,84,4,28,Deportes,"149,07"
559,33,Masculino,121639,17,7,28,Hogar,"422,14"
560,63,Masculino,82296,61,4,43,Hogar,"390,89"
561,61,Masculino,137276,92,5,8,Alimentos,"482,77"
562,18,Masculino,143235,46,10,31,Alimentos,"143,75"
563,23,Masculino,143899,10,3,47,Alimentos,"361,81"
564,56,Masculino,134923,18,3,31,Electrónica,"515,16"
565,68,Masculino,106635,85,10,30,Electrónica,"854,95"
566,29,Masculino,60262,56,4,27,Ropa,"452,32"
567,22,Masculino,92601,75,7,49,Electrónica,"120,76"
568,45,Femenino,41917,58,8,5,Hogar,"870,38"
569,29,Femenino,59815,43,6,24,Alimentos,"105,48"
570,18,Masculino,94701,69,8,48,Ropa,"760,34"
571,36,Femenino,31458,40,4,6,Electrónica,"371,77"
572,19,Masculino,134193,95,7,44,Electrónica,"97,65"
573,40,Femenino,143338,6,8,26,Alimentos,"491,07"
574,48,Masculino,93084,30,7,5,Ropa,"480,55"
575,49,Masculino,55027,62,2,1,Ropa,"962,9"
576,51,Femenino,149256,96,1,31,Electrónica,"266,83"
577,32,Femenino,46610,92,5,9,Alimentos,"409,85"
578,64,Masculino,43175,59,10,35,Electrónica,"363,86"
579,21,Femenino,71227,17,10,12,Electrónica,"101,48"
580,51,Femenino,149744,99,1,12,Alimentos,"215,92"
581,46,Masculino,129568,56,10,27,Ropa,"766,26"
582,19,Masculino,135968,50,4,49,Electrónica,"174,43"
583,33,Masculino,38240,92,3,37,Hogar,"626,82"
584,30,Masculino,114808,23,9,6,Ropa,"74,08"
585,51,Femenino,37310,6,5,14,Deportes,"706,18"
586,62,Masculino,147903,79,5,22,Electrónica,"203,15"
587,20,Masculino,61541,80,2,14,Alimentos,"48,5"
588,47,Masculino,55753,69,5,40,Hogar,"772,89"
589,29,Masculino,80868,33,6,15,Ropa,"865,65"
590,33,Masculino,93599,22,4,37,Deportes,"274,96"
591,53,Masculino,108263,21,1,47,Electrónica,"734,48"
592,22,Masculino,100730,4,5,10,Deportes,"459,58"
593,62,Femenino,148501,41,9,32,Deportes,"980,47"
594,29,Masculino,98150,42,9,34,Deportes,"324,11"
595,28,Masculino,61870,100,6,3,Alimentos,"728,67"
596,46,Masculino,73370,2,4,29,Hogar,"486,5"
597,50,Masculino,132598,57,7,21,Hogar,"930,91"
598,56,Masculino,55695,58,7,30,Electrónica,"435,76"
599,41,Masculino,69204,95,4,28,Ropa,"936,04"
600,52,Masculino,127010,76,8,26,Deportes,"13,46"
601,53,Femenino,137854,33,10,47,Alimentos,"523,27"
602,20,Masculino,145924,64,5,18,Electrónica,"495,49"
603,33,Femenino,53219,33,4,47,Ropa,"251,23"
604,47,Masculino,64592,25,4,12,Hogar,"237,34"
605,18,Femenino,144275,69,9,27,Electrónica,"141,72"
606,39,Masculino,48641,45,3,46,Hogar,"415,19"
607,30,Masculino,102200,88,5,47,Hogar,"131,84"
608,41,Masculino,67215,34,3,30,Hogar,"460,25"
609,53,Masculino,96499,29,4,5,Electrónica,"744,11"
610,23,Femenino,83912,28,6,31,Hogar,"98,32"
611,42,Femenino,63444,72,4,40,Hogar,"166,45"
612,33,Femenino,38271,39,10,43,Electrónica,"99,52"
613,60,Masculino,53295,73,3,5,Hogar,"642,3"
614,64,Femenino,116106,5,1,5,Ropa,"25,86"
615,69,Masculino,141965,98,5,35,Electrónica,"616,66"
616,43,Masculino,38012,55,3,24,Alimentos,"943,37"
617,29,Masculino,83172,51,8,1,Ropa,"906,75"
618,53,Masculino,62024,13,2,39,Deportes,"66,6"
619,29,Masculino,88288,39,5,50,Alimentos,"803,87"
620,53,Masculino,50215,92,6,48,Deportes,"814,52"
621,20,Masculino,122028,40,3,6,Electrónica,"777,44"
622,33,Masculino,102269,26,8,47,Deportes,"356,67"
623,30,Femenino,97829,99,4,27,Ropa,"320,95"
624,59,Masculino,66196,37,9,44,Ropa,"483,66"
625,41,Masculino,36763,50,5,36,Hogar,"490,62"
626,19,Masculino,138008,8,9,15,Alimentos,"116,8"
627,27,Femenino,96762,22,3,10,Electrónica,"551,43"
628,39,Masculino,108744,63,2,23,Deportes,"411,86"
629,65,Masculino,84223,83,7,46,Alimentos,"971,93"
630,64,Femenino,145746,76,2,48,Hogar,"49,06"
631,47,Femenino,108766,37,7,38,Alimentos,"640,55"
632,29,Femenino,72125,41,5,31,Deportes,"507,62"
633,43,Femenino,97989,14,6,49,Electrónica,"886,61"
634,51,Masculino,143678,50,8,23,Electrónica,"916,04"
635,23,Femenino,122669,15,3,4,Electrónica,"248,68"
636,24,Femenino,93266,20,1,4,Ropa,"636,29"
637,52,Masculino,85267,6,5,2,Hogar,"704,32"
638,34,Femenino,60489,95,3,38,Hogar,"304,86"
639,68,Masculino,57700,70,8,46,Alimentos,"178,21"
640,57,Masculino,97035,28,6,42,Hogar,"741,41"
641,59,Masculino,141667,28,4,5,Deportes,"204,25"
642,34,Femenino,114408,38,7,28,Electrónica,"647,35"
643,64,Femenino,92888,2,7,50,Deportes,"84,98"
644,54,Masculino,132403,83,3,2,Deportes,"45,2"
645,67,Masculino,115578,10,1,36,Alimentos,"646,16"
646,62,Masculino,113856,78,6,50,Electrónica,"720,47"
647,24,Masculino,122371,11,2,4,Electrónica,"838,19"
648,43,Femenino,67979,49,2,6,Alimentos,"420,03"
649,27,Masculino,147360,96,3,26,Deportes,"26,1"
650,47,Masculino,88268,32,8,27,Alimentos,"686,5"
651,27,Femenino,113174,36,3,46,Electrónica,"499,07"
652,32,Masculino,95862,34,6,41,Electrónica,"65,15"
653,41,Masculino,140959,35,7,14,Hogar,"232,42"
654,48,Masculino,82356,97,1,35,Deportes,"204,55"
655,45,Masculino,47989,70,6,9,Alimentos,"218,77"
656,33,Masculino,65142,45,10,42,Ropa,"132,6"
657,27,Masculino,81110,44,6,8,Electrónica,"654,05"
658,61,Masculino,145578,79,2,34,Ropa,"762,06"
659,35,Masculino,116378,38,10,11,Ropa,"79,27"
660,54,Femenino,89035,14,4,11,Deportes,"138,81"
661,69,Femenino,34122,50,4,27,Deportes,"758,44"
662,66,Masculino,38652,40,10,7,Hogar,"566,59"
663,30,Femenino,76658,70,3,32,Alimentos,"760,27"
664,56,Masculino,30492,47,5,6,Alimentos,"725,26"
665,37,Masculino,105623,26,5,47,Hogar,"94,79"
666,31,Masculino,85972,62,9,25,Deportes,"914,63"
667,29,Femenino,135394,53,9,36,Ropa,"30,13"
668,27,Femenino,48576,29,7,29,Deportes,"976,83"
669,52,Masculino,87717,79,6,44,Ropa,"95,17"
670,55,Masculino,59108,36,6,31,Hogar,"900,16"
671,34,Masculino,54274,27,2,17,Hogar,"954,46"
672,30,Masculino,94803,76,6,33,Hogar,"596,98"
673,47,Femenino,40790,36,1,4,Ropa,"913,84"
674,32,Masculino,41072,14,5,39,Electrónica,"981,04"
675,64,Femenino,67704,12,6,17,Hogar,"126,15"
676,64,Femenino,48169,39,5,33,Alimentos,"451,86"
677,51,Femenino,146159,99,7,38,Alimentos,"808,89"
678,63,Masculino,56374,60,4,45,Hogar,"943,5"
679,46,Femenino,112770,6,10,27,Deportes,"559,73"
680,36,Masculino,106345,98,7,49,Ropa,"55,21"
681,49,Masculino,115974,95,8,22,Electrónica,143
682,61,Masculino,136973,27,7,2,Electrónica,"269,2"
683,27,Femenino,89855,54,10,37,Hogar,"750,51"
684,42,Masculino,56378,8,9,18,Ropa,"880,45"
685,37,Masculino,104041,64,9,49,Hogar,"117,52"
686,30,Masculino,115674,78,2,48,Ropa,"621,73"
687,59,Masculino,65196,22,2,36,Hogar,"625,33"
688,30,Masculino,94970,15,4,11,Deportes,"250,07"
689,69,Masculino,45024,38,5,11,Ropa,"830,03"
690,39,Femenino,141586,50,4,46,Ropa,"659,67"
691,53,Masculino,84686,93,8,1,Alimentos,"109,54"
692,23,Masculino,57558,28,6,23,Electrónica,"800,78"
693,28,Femenino,142450,80,3,22,Alimentos,"471,87"
694,64,Masculino,32144,76,2,28,Deportes,"902,66"
695,45,Masculino,53474,79,8,21,Electrónica,"40,32"
696,61,Masculino,89720,4,9,8,Alimentos,"795,49"
697,36,Femenino,114281,99,7,6,Deportes,"217,78"
698,33,Masculino,36577,28,4,1,Electrónica,"612,54"
699,55,Masculino,53164,64,2,19,Ropa,"932,41"
700,31,Masculino,33604,8,5,2,Electrónica,"984,15"
701,31,Masculino,148121,34,9,32,Alimentos,"753,49"
702,26,Femenino,42499,92,9,50,Electrónica,"37,57"
703,26,Femenino,56466,61,3,12,Hogar,"358,22"
704,52,Femenino,58805,14,2,47,Deportes,"104,35"
705,42,Masculino,49140,23,9,35,Ropa,"400,23"
706,29,Femenino,102972,68,3,39,Ropa,"258,09"
707,47,Femenino,128439,42,5,22,Deportes,"219,02"
708,68,Masculino,47482,100,9,49,Ropa,"170,56"
709,44,Femenino,118123,40,8,31,Ropa,"140,52"
710,43,Femenino,43545,67,5,41,Electrónica,"179,71"
711,43,Masculino,51398,12,4,26,Deportes,"117,85"
712,18,Masculino,141318,37,6,28,Hogar,"428,33"
713,19,Femenino,76416,26,6,20,Electrónica,"385,1"
714,30,Masculino,100115,54,2,36,Deportes,"789,67"
715,43,Masculino,67912,71,10,35,Electrónica,"698,03"
716,48,Femenino,74273,23,10,46,Deportes,"626,27"
717,47,Masculino,136278,76,10,48,Ropa,"233,64"
718,57,Femenino,108833,77,3,37,Hogar,"623,78"
719,21,Femenino,119226,21,8,50,Deportes,"772,63"
720,69,Masculino,72651,58,5,30,Electrónica,"103,11"
721,27,Masculino,114848,66,10,38,Alimentos,"912,58"
722,45,Masculino,127989,99,1,42,Hogar,"683,99"
723,20,Masculino,48504,27,3,28,Alimentos,"658,54"
724,21,Masculino,114762,28,3,7,Deportes,"397,54"
725,48,Femenino,108563,3,8,39,Ropa,"15,72"
726,40,Masculino,105994,39,9,17,Hogar,"347,21"
727,18,Masculino,84764,2,6,49,Hogar,"348,51"
728,28,Otro,53503,39,5,30,Alimentos,"591,64"
729,50,Masculino,86985,77,8,11,Deportes,"964,1"
730,19,Masculino,85349,77,8,29,Hogar,"381,04"
731,53,Femenino,52855,12,5,33,Alimentos,"444,09"
732,29,Otro,66264,85,2,8,Electrónica,"743,3"
733,49,Masculino,56707,6,8,29,Electrónica,"604,53"
734,23,Otro,66886,7,6,40,Electrónica,"322,64"
735,38,Otro,115537,10,7,25,Ropa,"632,99"
736,52,Femenino,130875,76,10,14,Ropa,"979,39"
737,28,Masculino,104971,74,4,10,Ropa,"297,17"
738,18,Femenino,136320,52,5,42,Electrónica,"891,19"
739,61,Masculino,113380,27,2,17,Electrónica,"177,5"
740,62,Femenino,119083,18,4,28,Electrónica,"317,78"
741,50,Femenino,50944,24,3,36,Electrónica,"121,22"
742,45,Otro,30738,38,7,5,Hogar,144
743,64,Masculino,132277,81,5,30,Deportes,"505,24"
744,56,Masculino,90816,20,10,35,Electrónica,"808,16"
745,30,Femenino,64288,93,9,43,Alimentos,"825,85"
746,60,Masculino,34657,99,10,3,Electrónica,"983,3"
747,26,Masculino,44725,40,10,17,Alimentos,"307,42"
748,57,Femenino,58696,69,4,29,Alimentos,"570,87"
749,22,Masculino,73023,30,1,19,Hogar,"661,7"
750,41,Otro,74985,68,8,21,Electrónica,"123,96"
751,63,Masculino,37201,60,6,46,Alimentos,"90,96"
752,31,Masculino,85928,10,2,40,Hogar,"34,1"
753,28,Otro,129367,4,1,44,Electrónica,"559,61"
754,52,Masculino,49342,77,7,29,Alimentos,"622,86"
755,61,Masculino,59583,11,8,27,Ropa,"744,56"
756,30,Femenino,111050,61,10,32,Electrónica,"213,88"
757,19,Femenino,129687,78,3,43,Hogar,"679,67"
758,35,Masculino,94896,36,6,4,Hogar,"102,23"
759,64,Otro,130443,29,1,17,Hogar,"835,67"
760,27,Masculino,80545,63,6,46,Deportes,"575,98"
761,47,Masculino,112510,1,2,10,Hogar,"618,2"
762,57,Masculino,145190,42,9,8,Deportes,"971,83"
763,63,Masculino,115204,12,2,19,Hogar,"910,59"
764,61,Femenino,116123,96,2,27,Deportes,"844,95"
765,40,Otro,108344,87,2,13,Electrónica,"892,28"
766,41,Otro,74198,84,1,50,Ropa,"60,51"
767,45,Masculino,62582,1,6,46,Ropa,"298,11"
768,33,Masculino,92798,80,3,44,Alimentos,"367,85"
769,19,Masculino,85583,61,5,43,Deportes,"316,35"
770,61,Masculino,32692,18,8,28,Alimentos,"709,33"
771,55,Masculino,53069,3,10,43,Ropa,"777,97"
772,26,Femenino,79842,78,9,5,Ropa,"557,41"
773,51,Femenino,70099,42,7,12,Alimentos,"481,56"
774,52,Masculino,52167,19,5,50,Hogar,"961,55"
775,24,Masculino,51225,21,6,31,Deportes,"235,64"
776,31,Femenino,123947,25,2,39,Alimentos,"355,67"
777,19,Masculino,45781,93,6,43,Deportes,"412,99"
778,46,Femenino,78023,83,7,28,Deportes,"270,15"
779,56,Masculino,43031,56,2,15,Electrónica,"830,79"
780,65,Masculino,80686,2,8,30,Deportes,"491,8"
781,53,Masculino,147355,10,2,38,Hogar,"866,3"
782,22,Masculino,118840,32,9,9,Electrónica,"819,14"
783,39,Masculino,71987,42,5,35,Ropa,"196,61"
784,47,Masculino,64229,74,5,22,Alimentos,"438,95"
785,45,Femenino,88366,22,10,24,Electrónica,"253,64"
786,30,Masculino,43192,61,1,27,Deportes,"614,39"
787,57,Masculino,56547,65,10,43,Alimentos,"686,83"
788,33,Masculino,38558,71,8,22,Hogar,"223,73"
789,25,Femenino,52575,77,5,13,Ropa,"112,22"
790,61,Masculino,96409,66,1,32,Deportes,"674,93"
791,59,Femenino,97756,89,6,3,Hogar,"318,74"
792,18,Masculino,140475,38,8,7,Deportes,"442,42"
793,63,Femenino,123481,26,1,26,Hogar,"386,51"
794,50,Masculino,103921,58,2,3,Electrónica,"687,32"
795,33,Femenino,45432,11,4,42,Electrónica,"990,34"
796,47,Masculino,92114,17,7,8,Hogar,"997,15"
797,47,Masculino,86651,54,3,49,Hogar,"678,41"
798,68,Masculino,44597,3,1,36,Deportes,"743,73"
799,25,Masculino,107042,27,1,32,Ropa,"648,79"
800,35,Masculino,114874,40,3,15,Deportes,"333,55"
801,61,Masculino,69791,33,8,1,Deportes,"165,39"
802,51,Masculino,107033,96,3,42,Alimentos,"992,17"
803,64,Masculino,127745,72,2,11,Alimentos,"192,17"
804,59,Femenino,58656,47,6,6,Alimentos,"246,07"
805,51,Femenino,97660,3,7,30,Deportes,"145,66"
806,49,Masculino,69864,92,10,25,Alimentos,"522,78"
807,24,Masculino,68172,6,1,28,Ropa,"445,3"
808,33,Masculino,127302,43,1,40,Alimentos,"785,52"
809,46,Masculino,91845,35,8,49,Electrónica,"537,23"
810,35,Masculino,83547,27,7,40,Electrónica,"570,08"
811,27,Femenino,78001,50,5,17,Hogar,"117,03"
812,53,Masculino,76842,73,6,35,Hogar,"701,61"
813,19,Masculino,68304,9,10,28,Deportes,"864,57"
814,56,Masculino,145028,2,10,32,Hogar,"849,56"
815,53,Femenino,58486,87,8,23,Hogar,"409,35"
816,50,Masculino,143612,71,9,28,Alimentos,"372,69"
817,37,Femenino,115734,87,2,50,Alimentos,"646,4"
818,69,Masculino,129445,32,3,6,Hogar,"42,19"
819,46,Masculino,58692,2,9,22,Hogar,"230,66"
820,52,Masculino,73723,69,10,19,Deportes,"321,92"
821,41,Masculino,37547,72,3,24,Alimentos,"897,46"
822,26,Femenino,34901,31,7,9,Alimentos,"667,8"
823,69,Masculino,85068,54,6,24,Deportes,"846,68"
824,38,Femenino,81244,57,5,3,Hogar,"301,59"
825,30,Femenino,121358,16,1,2,Electrónica,"122,7"
826,48,Masculino,111795,41,9,17,Alimentos,"116,19"
827,62,Masculino,88975,58,6,24,Deportes,"921,21"
828,34,Masculino,43316,72,7,13,Electrónica,"274,88"
829,37,Masculino,112949,33,8,40,Hogar,"424,07"
830,28,Masculino,136418,17,5,17,Hogar,"765,53"
831,43,Femenino,76811,26,1,33,Hogar,"836,5"
832,69,Masculino,81964,22,1,3,Hogar,"839,2"
833,43,Femenino,85487,71,7,49,Deportes,"625,26"
834,38,Masculino,101111,98,8,35,Ropa,"738,01"
835,41,Femenino,68147,75,2,33,Alimentos,"553,35"
836,30,Masculino,42089,29,3,3,Hogar,"536,52"
837,69,Femenino,106629,4,7,9,Alimentos,"443,22"
838,57,Masculino,98928,80,3,33,Electrónica,"934,98"
839,43,Masculino,90687,9,5,24,Deportes,"531,25"
840,58,Femenino,68764,96,6,31,Alimentos,"723,66"
841,40,Masculino,125996,64,6,15,Ropa,"583,95"
842,33,Femenino,96916,23,6,12,Deportes,"373,49"
843,50,Masculino,149578,28,2,39,Hogar,"839,34"
844,43,Masculino,140638,62,10,18,Hogar,"78,52"
845,45,Femenino,57615,30,5,15,Electrónica,"998,09"
846,60,Masculino,61376,97,8,9,Electrónica,"793,84"
847,22,Masculino,134801,47,1,49,Alimentos,"292,92"
848,60,Masculino,111784,31,1,14,Ropa,"122,12"
849,56,Femenino,86142,87,7,8,Deportes,"291,96"
850,48,Femenino,126398,19,1,18,Ropa,"311,08"
851,51,Masculino,59566,25,5,22,Alimentos,"847,03"
852,64,Femenino,63123,88,1,16,Alimentos,"330,95"
853,22,Masculino,120644,75,1,4,Ropa,"456,11"
854,27,Femenino,40595,84,6,15,Alimentos,"268,76"
855,18,Masculino,30102,35,2,6,Deportes,"739,27"
856,45,Masculino,135627,67,2,46,Alimentos,"524,16"
857,19,Femenino,90561,75,10,23,Hogar,"866,23"
858,67,Masculino,115470,56,4,6,Ropa,"151,74"
859,22,Masculino,62752,2,10,22,Electrónica,"469,36"
860,22,Masculino,46866,3,7,46,Electrónica,"737,44"
861,21,Masculino,145884,3,4,25,Hogar,"676,93"
862,20,Masculino,79899,64,7,46,Ropa,"129,9"
863,42,Masculino,77292,73,10,43,Alimentos,"787,66"
864,41,Masculino,92371,28,10,48,Electrónica,"594,96"
865,57,Masculino,106632,26,1,17,Alimentos,"610,98"
866,22,Masculino,48068,57,2,24,Electrónica,"683,02"
867,68,Masculino,35122,72,6,33,Deportes,"983,84"
868,51,Masculino,83467,83,1,19,Ropa,"30,88"
869,49,Femenino,61376,47,5,16,Hogar,"241,25"
870,57,Masculino,112212,6,6,44,Hogar,"312,64"
871,57,Femenino,128481,86,10,40,Hogar,"727,15"
872,63,Masculino,33546,18,9,31,Deportes,"191,8"
873,42,Femenino,127546,54,1,31,Ropa,"484,72"
874,35,Masculino,121037,70,1,28,Alimentos,"304,08"
875,25,Femenino,76606,99,10,32,Hogar,"472,4"
876,60,Masculino,120195,68,9,26,Deportes,"600,21"
877,51,Femenino,127950,27,3,45,Hogar,"412,76"
878,45,Femenino,51646,61,5,41,Hogar,"246,41"
879,51,Masculino,80995,68,1,18,Deportes,"863,54"
880,59,Masculino,97355,63,2,22,Alimentos,"329,18"
881,47,Femenino,133264,93,2,21,Alimentos,"11,01"
882,61,Masculino,49557,22,6,12,Ropa,"678,13"
883,62,Masculino,97909,100,1,5,Hogar,"439,63"
884,50,Femenino,59695,70,5,6,Ropa,"241,99"
885,58,Masculino,149723,70,9,23,Electrónica,"374,59"
886,26,Masculino,113532,70,7,28,Deportes,"679,69"
887,60,Masculino,98882,38,2,28,Alimentos,"940,14"
888,29,Masculino,149973,2,2,19,Alimentos,"437,1"
889,33,Masculino,146269,92,6,10,Deportes,"486,86"
890,60,Masculino,73059,77,3,31,Ropa,"581,15"
891,22,Masculino,87909,19,7,39,Deportes,"20,52"
892,66,Masculino,40932,5,1,48,Deportes,"546,06"
893,24,Femenino,60763,92,5,29,Hogar,"320,7"
894,63,Masculino,119492,25,8,40,Deportes,"758,1"
895,27,Masculino,128640,3,5,2,Hogar,"140,52"
896,53,Masculino,137307,34,1,26,Deportes,"952,12"
897,32,Masculino,81701,96,9,49,Electrónica,"77,45"
898,64,Masculino,82140,57,3,7,Hogar,"97,97"
899,48,Masculino,134463,32,2,7,Electrónica,"535,1"
900,52,Femenino,41544,1,10,46,Hogar,"720,52"
901,57,Femenino,135440,46,8,3,Hogar,"442,46"
902,55,Femenino,72193,39,2,6,Hogar,"207,44"
903,33,Otro,106771,23,7,3,Deportes,"609,8"
904,64,Femenino,122557,87,2,5,Alimentos,"344,59"
905,64,Masculino,139658,77,6,26,Deportes,"71,97"
906,25,Masculino,130604,100,4,41,Electrónica,"355,45"
907,62,Otro,113706,19,1,13,Hogar,"427,68"
908,59,Otro,141567,27,8,30,Deportes,"95,96"
909,27,Femenino,89618,49,8,12,Alimentos,"831,05"
910,55,Otro,45562,68,3,30,Alimentos,"628,34"
911,66,Femenino,55154,93,3,19,Electrónica,"684,88"
912,54,Masculino,69676,9,7,30,Ropa,"932,68"
913,38,Masculino,45551,100,10,22,Electrónica,"99,63"
914,55,Masculino,109314,72,10,47,Electrónica,"438,97"
915,18,Otro,69502,83,6,32,Deportes,"236,83"
916,26,Masculino,131020,23,7,22,Alimentos,"844,88"
917,49,Otro,30523,83,4,38,Electrónica,"564,48"
918,36,Femenino,45458,74,6,19,Alimentos,"135,23"
919,28,Otro,57107,82,5,2,Hogar,"271,17"
920,60,Otro,44555,84,7,28,Electrónica,"678,42"
921,66,Masculino,122436,73,7,47,Hogar,"666,62"
922,58,Masculino,105157,51,3,27,Ropa,"344,39"
923,68,Masculino,107702,73,4,2,Deportes,"136,03"
924,20,Masculino,88778,56,2,28,Alimentos,"240,93"
925,53,Otro,32539,22,6,42,Hogar,"536,06"
926,39,Femenino,53091,41,9,3,Alimentos,"12,45"
927,46,Otro,46368,11,7,17,Hogar,"869,05"
928,28,Masculino,134592,43,10,25,Ropa,"557,04"
929,35,Masculino,48768,43,2,5,Electrónica,"746,74"
930,42,Otro,128064,8,8,44,Alimentos,"316,5"
931,59,Masculino,48329,6,8,26,Hogar,"36,76"
932,31,Otro,30969,32,9,11,Deportes,"562,47"
933,18,Masculino,117893,84,3,24,Electrónica,"413,27"
934,47,Masculino,138152,53,2,38,Alimentos,"129,08"
935,48,Otro,129592,2,3,26,Ropa,"748,46"
936,51,Masculino,148784,17,1,50,Hogar,"302,81"
937,43,Femenino,42201,76,1,50,Hogar,"106,48"
938,64,Femenino,65498,23,5,24,Ropa,"351,94"
939,37,Masculino,70213,84,3,37,Hogar,"785,53"
940,56,Femenino,51736,3,9,25,Hogar,"666,01"
941,54,Masculino,33706,64,9,1,Ropa,"371,93"
942,36,Masculino,33087,69,7,21,Deportes,"651,8"
943,54,Femenino,140081,100,1,25,Electrónica,"30,51"
944,47,Femenino,37014,76,5,34,Electrónica,"880,18"
945,65,Masculino,42779,81,5,38,Ropa,"594,92"
946,59,Masculino,149936,80,7,37,Alimentos,"406,6"
947,60,Femenino,111493,40,10,8,Alimentos,"190,34"
948,21,Femenino,117520,34,3,32,Deportes,"256,98"
949,62,Femenino,128667,37,5,17,Deportes,"150,62"
950,45,Femenino,114390,38,3,9,Alimentos,"663,25"
951,41,Femenino,134487,7,10,50,Electrónica,"556,1"
952,29,Femenino,45164,54,8,45,Alimentos,"915,62"
953,51,Masculino,104830,43,9,36,Deportes,"593,92"
954,44,Masculino,123822,20,4,8,Electrónica,"209,75"
955,30,Masculino,50661,89,9,22,Deportes,"630,37"
956,60,Femenino,48802,68,1,40,Alimentos,"296,76"
957,60,Femenino,56429,69,9,32,Alimentos,"894,95"
958,26,Femenino,41126,37,9,44,Ropa,"100,64"
959,38,Femenino,99054,59,6,4,Alimentos,"174,22"
960,61,Femenino,50349,76,9,42,Ropa,"957,5"
961,23,Femenino,60808,96,2,12,Hogar,"231,03"
962,60,Masculino,98537,71,9,45,Alimentos,"725,67"
963,66,Femenino,72885,1,9,33,Alimentos,"654,48"
964,26,Femenino,109221,91,2,44,Deportes,"660,05"
965,49,Femenino,94218,4,10,5,Electrónica,"287,36"
966,58,Femenino,133888,92,10,14,Hogar,"628,3"
967,46,Femenino,67361,80,6,25,Deportes,"350,08"
968,23,Femenino,74773,16,2,42,Alimentos,"626,05"
969,61,Femenino,38209,79,8,40,Deportes,"724,23"
970,68,Femenino,40471,28,3,33,Alimentos,"40,89"
971,58,Femenino,51913,14,4,21,Hogar,"733,63"
972,41,Masculino,120294,79,5,44,Ropa,"942,03"
973,43,Masculino,130645,34,10,5,Alimentos,"833,69"
974,48,Femenino,75118,84,6,41,Electrónica,"711,37"
975,49,Femenino,79546,26,5,12,Hogar,"935,73"
976,30,Masculino,54930,12,9,13,Electrónica,"724,88"
977,37,Masculino,100314,71,5,19,Alimentos,"692,74"
978,45,Femenino,91381,48,8,16,Deportes,"253,13"
979,66,Femenino,74055,100,6,17,Deportes,"318,7"
980,45,Femenino,135047,11,9,42,Ropa,"422,93"
981,30,Masculino,117373,32,1,49,Hogar,"129,35"
982,59,Femenino,87884,79,9,28,Alimentos,"491,55"
983,68,Femenino,117203,76,7,38,Electrónica,"363,94"
984,51,Femenino,91682,27,9,49,Electrónica,"990,87"
985,35,Femenino,82057,66,4,9,Deportes,"683,93"
986,66,Femenino,78149,2,10,9,Hogar,"579,27"
987,22,Masculino,80049,1,10,47,Deportes,"16,97"
988,26,Masculino,148451,78,5,14,Alimentos,"99,19"
989,26,Masculino,45147,93,1,32,Hogar,"750,58"
990,31,Femenino,45695,36,2,31,Electrónica,"864,67"
991,21,Femenino,80264,41,4,26,Deportes,"458,93"
992,53,Femenino,83578,97,5,50,Deportes,"917,08"
993,22,Femenino,125479,57,8,27,Hogar,"139,75"
994,29,Femenino,64799,42,5,19,Electrónica,"967,26"
995,60,Masculino,71923,25,2,40,Ropa,"986,97"
996,57,Masculino,112170,57,6,1,Ropa,"313,64"
997,23,Femenino,65337,76,10,23,Alimentos,"632,83"
998,23,Masculino,113097,40,5,42,Deportes,"75,09"
999,22,Femenino,113695,63,7,44,Electrónica,"505,16"
1000,36,Femenino,90420,7,2,31,Alimentos,"669,26"
